destination,generic_content_links
https://www.gjel.com/blog,21
https://www.gjel.com/locations,14
https://www.gjel.com/winning-car-accident-results/motorcyclist-splitting-lanes-in-unincorporated-alameda-county,4
https://www.gjel.com/winning-car-accident-results/driver-in-unincorporated-alameda-county-car-accident,4
https://www.gjel.com/verdicts/auto-vs-motorcycle-accident-in-unincorporated-napa-county-california,4
https://www.gjel.com/car-accidents/who-pays-for-my-rental-car-after-an-accident-in-california,3
https://www.gjel.com/blog/state-driving-laws,3
https://www.gjel.com/verdicts/heart-injury-bb-gun-settlement-sacramento-attorneys,3
https://www.gjel.com/winning-car-accident-results/woman-in-sacramento-county-truck-vs-auto-accident,3
https://www.gjel.com/winning-car-accident-results/family-awarded-wrongful-death-settlement-dublin,3
https://www.gjel.com/san-francisco,2
https://www.gjel.com/verdicts/100000-settlement-for-hit-and-run-pedestrian-accident,2
https://www.gjel.com/winning-car-accident-results/auto-versus-pedestrian-accident-in-unincorporated-san-diego-county,2
https://www.gjel.com/winning-car-accident-results/bicycle-accident-settlement,2
https://www.gjel.com/winning-car-accident-results/motor-vehicle-versus-bicycle-accident,2
https://www.gjel.com/winning-car-accident-results/wheelchair-bound-pedestrian-accident,2
https://www.gjel.com/winning-car-accident-results/automobile-versus-pedestrian-automobile-accident,2
https://www.gjel.com/winning-car-accident-results/auto-versus-auto-contra-costa-county-accident,2
https://www.gjel.com/winning-car-accident-results/auto-versus-pedestrian-accident,2
https://www.gjel.com/verdicts/pedestrian-accident-attorney-richmond-settlement,2
https://www.gjel.com/news/understanding-california-civil-code-1714-cc-liability-for-intentional-or-careless-actions,2
https://www.gjel.com/news/california-dmv-offices-map,2
https://www.gjel.com/winning-car-accident-results/santa-clara-county-auto-vs-motorcycle-accident,2
https://www.gjel.com/winning-car-accident-results/auto-vs-motorcycle-accident-on-great-america-parkway,2
https://www.gjel.com/winning-car-accident-results/motorcycle-accident-settlement,2
https://www.gjel.com/winning-car-accident-results/motorcycle-accident-in-pleasanton-california,2
https://www.gjel.com/winning-car-accident-results/automobile-versus-motorcycle-accident,2
https://www.gjel.com/winning-car-accident-results/auto-vs-motorcycle-accident,2
https://www.gjel.com/winning-car-accident-results/motorcycle-and-car-collision-in-marin-county-state-of-california,2
https://www.gjel.com/winning-car-accident-results/livermore-ca-automobile-accident,2
https://www.gjel.com/winning-car-accident-results/vehicle-pile-up-wrongful-death-settlement,2
https://www.gjel.com/settlements/wrongful-death-settlement,2
https://www.gjel.com/settlements/during-trial-for-wrongful-death-of-a-spouse,2
https://www.gjel.com/winning-car-accident-results/millions-traffic-wrongful-death-case,2
https://www.gjel.com/settlements/four-million-child-death,2
https://www.gjel.com/settlements/10-6-million-settlement-death-defective-tire,2
https://www.gjel.com/settlements/defective-tire-accident,2
https://www.gjel.com/verdicts/man-in-pickup-truck-versus-road-bike-road-bicycle-accident,2
https://www.gjel.com/verdicts/serious-car-accident-in-stockton,2
https://www.gjel.com/winning-car-accident-results/auto-accident-in-albany-california,2
https://www.gjel.com/acid-burn-injury-lawyer/settlement-calculator,1
https://www.gjel.com/blog/single-vehicle-collision-one-killed-two-injured,1
https://www.gjel.com/blog/two-vehicle-collision-leaves-victims-injured,1
https://www.gjel.com/blog/man-killed-in-multi-vehicle-crash-in-fairfield,1
https://www.gjel.com/blog/pedestrian-fatally-struck-in-hit-and-run-crash,1
https://www.gjel.com/blog/fresno-two-vehicle-intersection-crash,1
https://www.gjel.com/blog/suspected-dui-collision-injures-driver,1
https://www.gjel.com/blog/two-hospitalized-after-traffic-collision,1
https://www.gjel.com/blog/major-injury-crash-involving-semi-truck,1
https://www.gjel.com/blog/two-vehicle-crash-in-walnut-creek,1
https://www.gjel.com/blog/person-killed-in-a-pedestrian-crash,1
https://www.gjel.com/case-results/downtown-oakland-hit-and-run-500k-settlement,1
https://www.gjel.com/headlines/gjel-accident-attorneys-recognize-national-bike-safety-month-in-may,1
https://www.gjel.com/headlines/gjel-accident-attorneys-reveals-five-worst-road-safety-states-to-highlight-distracted-driving-awareness-month,1
https://www.gjel.com/headlines/disparate-cycling-safety-rules-populate-state-law-books,1
https://www.gjel.com/headlines/gjel-accident-attorneys-advises-families-to-be-safe-on-the-water-in-summer,1
https://www.gjel.com/headlines/gjel-accident-attorneys-urge-parents-to-take-away-the-keys-during-graduation,1
https://www.gjel.com/headlines/gjel-accident-attorneys-asks-motorists-to-be-prepared-memorial-day-weekend-with-accident-checklist,1
https://www.gjel.com/headlines/auto-insurance-quirks,1
https://www.gjel.com/news/california-motor-caution-calendar,1
https://www.gjel.com/news/drunk-driving-by-state,1
https://www.gjel.com/blog/top-20-most-popular-fictional-tv-lawyers,1
https://www.gjel.com/blog/seinfeld-lawsuits,1
https://www.gjel.com/blog/most-unlikely-coutroom-comedies,1
https://www.gjel.com/blog/legal-documentary-films,1
https://www.gjel.com/blog/largest-class-action-settlements,1
https://www.gjel.com/blog/autonomous-robotaxi-involved-in-san-francisco-collision,1
https://www.gjel.com/mocktrial/objections,1
https://www.gjel.com/news/lost-wage-calculator,1
https://www.gjel.com/news/how-long-does-it-take-to-get-money-from-a-settlement,1
https://www.gjel.com/blog/best-personal-injury-law-firms-in-the-bay-area,1
https://www.gjel.com/verdicts/pedestrian-accident,1
https://www.gjel.com/settlements/wrongful-death-settlement-drunk-driving-case,1
https://www.gjel.com/verdicts/515000-for-woman-with-head-injury-following-truck-accident,1
https://www.gjel.com/verdicts/195000-for-student-with-permanent-injury-after-truck-accident,1
https://www.gjel.com/verdicts/850000-for-ankle-injury-following-truck-accident,1
https://www.gjel.com/verdicts/3-8-million-against-cement-company-for-motorcycletruck-accident,1
https://www.gjel.com/verdicts/big-rig-accident-concord,1
https://www.gjel.com/verdicts/motorcycle-vs-truck-accident,1
https://www.gjel.com/verdicts/caltrans-truck-accident,1
https://www.gjel.com/verdicts/truck-vs-auto-confidential,1
https://www.gjel.com/winning-car-accident-results/scooter-vs-car-california-automobile-accident,1
https://www.gjel.com/winning-car-accident-results/drunk-driving-accident-500k-settlement,1
https://www.gjel.com/winning-car-accident-results/rush-hour-traffic-accident-1m-settlement-gjel,1
https://www.gjel.com/winning-car-accident-results/rural-california-car-accident,1
