redirecting_url,http_status,final_url,final_status,hops,total_links_in,pages_linking,content_links,top_anchor
https://www.gjel.com/contact-us/,301,https://www.gjel.com/contact-us,200,1,966,966,0,Free Case Evaluation
https://www.gjel.com/author/andy,301,https://www.gjel.com,200,1,542,542,48,Andy Gillin
https://www.gjel.com/attorneys/,301,https://www.gjel.com/attorneys,200,1,472,472,0,View All Attorneys
https://www.gjel.com/four-critical-signs-your-injury-may-be-severe-when-to-seek-immediate-medical-care,301,https://www.gjel.com/recognize-signs-of-severe-injury-after-accident,200,1,65,64,0,Emergency responders
https://www.gjel.com/car-accident-lawyers/resulting-deathhttps://www.gjel.com/crush-injury-settlement-calculator,301,https://www.gjel.com/crush-injury-settlement-calculator,200,1,55,54,1,Fatal car accident settlement calculators
https://www.gjel.com/blog/can-you-trust-personal-injury-settlement-calculators,301,https://www.gjel.com/blog,200,1,41,41,39,significant limitations
https://www.gjel.com/pleasanton/brain-injury-attorney,301,https://www.gjel.com/pleasanton,200,1,23,23,0,Pleasanton Brain Injury Office
https://www.gjel.com/blog/causes-distracted-driving,301,https://www.gjel.com/blog,200,1,21,17,7,distracted driving
https://www.gjel.com/blog/195k-bicycle-dooring-settlement-in-san-jose,301,https://www.gjel.com/blog,200,1,13,13,1,"$195,000 bicycle dooring settlement in San Jose"
https://www.gjel.com/blog/san-jose-car-accident-statistics,301,https://www.gjel.com/blog,200,1,12,12,0,San Jose car accident statistics
https://www.gjel.com/blog/the-most-dangerous-intersections-in-san-jose-california,301,https://www.gjel.com/blog,200,1,12,12,0,Most dangerous intersections in San Jose
https://www.gjel.com/blog/san-jose-i-280-off-ramp-collision-raises-questions-about-intersection-safety,301,https://www.gjel.com/blog,200,1,12,12,0,I‑280 off‑ramp collision and intersection safety questions
https://www.gjel.com/blog/100k-pedestrian-accident-settlement-in-san-jose,301,https://www.gjel.com/blog,200,1,12,12,0,"$100,000 pedestrian accident settlement in San Jose"
https://www.gjel.com/blog/fatal-collision-in-san-jose-legal-options,301,https://www.gjel.com/blog,200,1,12,12,0,Fatal collision in San Jose and legal options for families
https://www.gjel.com/blog/fatal-pedestrian-accident-in-san-jose,301,https://www.gjel.com/blog,200,1,12,12,0,Fatal pedestrian accident in San Jose report
https://www.gjel.com/blog/first-pedestrian-fatality-of-2025-north-san-jose-collision-claims-life-of-man-outside-crosswalk,301,https://www.gjel.com/blog,200,1,12,12,0,North San Jose first pedestrian fatality of 2025
https://www.gjel.com/blog/rear-end-collision-in-san-jose,301,https://www.gjel.com/blog,200,1,12,12,0,Rear‑end collision in San Jose
https://www.gjel.com/blog/tragic-two-vehicle-collision-in-san-jose-claims-life-of-solo-male-driver,301,https://www.gjel.com/blog,200,1,12,12,0,Two‑vehicle collision in San Jose
https://www.gjel.com/blog/fatal-hit-and-run-in-san-jose-pedestrian-killed-driver-apprehended,301,https://www.gjel.com/blog,200,2,10,10,0,"Fatal hit‑and‑run in San Jose, pedestrian killed, driver apprehended"
https://www.gjel.com/blog/sacramento-truck-accident-420k-settlement,301,https://www.gjel.com/blog,200,1,10,9,2,"$420,000 Sacramento Truck Accident Settlement"
https://www.gjel.com/insurance/geico,301,https://www.gjel.com/blog,200,1,9,8,0,Geico Insurance
https://www.gjel.com/news/social-media-tips-for-personal-injury-plaintiffs,301,https://www.gjel.com/blog,200,1,9,7,4,Social Media and Your Personal Injury Case: Tips & What You Need to Know
https://www.gjel.com/blog/stockton-motorcycle-accident-100k-settlement,301,https://www.gjel.com/blog,200,1,9,9,1,Stockton motorcycle accident 100K settlement
https://www.gjel.com/blog/davis-motorcycle-accident-lodged-under-semi-truck,301,https://www.gjel.com/blog,200,1,9,9,3,Motorcycle Lodged Under Semi on I‑80 in Davis
https://www.gjel.com/blog/truck-accident-two-injured-after-200-foot-plunge,301,https://www.gjel.com/blog,200,1,8,8,2,Truck Goes 200 Feet Down Embankment in Shasta County
https://www.gjel.com/blog/two-injured-in-a-crane-truck-traffic-accident,301,https://www.gjel.com/blog,200,1,8,8,2,Crane Truck Crash in Salinas
https://www.gjel.com/car-accident-lawyers/suv-rolloverhttps://www.gjel.com/crush-injury-settlement-calculator,301,https://www.gjel.com/crush-injury-settlement-calculator,200,1,6,6,0,Rollover accident settlement calculators
https://www.gjel.com/news/insurance-fraud-complaints,301,https://www.gjel.com/blog,200,1,6,4,4,Where to File Insurance Complaints in 2024
https://www.gjel.com/blog/elderly-pedestrian-fatality-in-stockton,301,https://www.gjel.com/blog,200,1,6,6,0,Elderly pedestrian fatally struck in Stockton
https://www.gjel.com/blog/fatal-collision-in-stockton-claims-life-of-woman-in-her-30s,301,https://www.gjel.com/blog,200,1,6,6,0,Fatal collision in Stockton
https://www.gjel.com/blog/semi-truck-accident-on-highway-395-leaves-driver-critically-injured,301,https://www.gjel.com/blog,200,1,6,6,2,Semi‑Truck Crash on Highway 395
https://www.gjel.com/blog/rancho-cordova-dump-truck-collision,301,https://www.gjel.com/blog,200,1,6,6,2,Dump Truck Collision in Rancho Cordova
https://www.gjel.com/blog/should-bay-area-carpool-lanes-be-enforced-247,301,https://www.gjel.com/blog,200,1,5,4,2,Should Bay Area carpool lanes be enforced 24/7?
https://www.gjel.com/blog/simpsons-lawsuits-list-lionel-hutz,301,https://www.gjel.com/blog,200,1,5,4,2,Lionel Hutz Lawsuits In The Simpsons
https://www.gjel.com/insurance/aaa-csaa,301,https://www.gjel.com/blog,200,1,5,4,0,CSAA
https://www.gjel.com/truck-accident-lawyers/logging-truck-accidenthttps://www.gjel.com/crush-injury-settlement-calculator,301,https://www.gjel.com/crush-injury-settlement-calculator,200,1,5,5,1,Logging Truck Accident Settlement Calculator
https://www.gjel.com/car-accident-lawyers/rear-end-car-accidentshttps://www.gjel.com/crush-injury-settlement-calculator,301,https://www.gjel.com/crush-injury-settlement-calculator,200,1,4,4,0,Rear-end settlement calculators
https://www.gjel.com/blog/motorcycle-accident-1-35m-settlement,301,https://www.gjel.com/blog,200,1,4,4,2,Client Awarded $1.35 Million After Severe Motorcycle Collision in Santa Clara County
https://www.gjel.com/blog/loss-of-earnings-calculated-if-self-employed,301,https://www.gjel.com/blog,200,1,4,4,1,loss of earnings
https://www.gjel.com/blog/auto-insurance-i-need-in-california,301,https://www.gjel.com/blog,200,1,4,3,2,California Minimum Auto Insurance Requirements
https://www.gjel.com/blog/the-complicated-story-behind-widening-highway-1-in-santa-cruz-html,301,https://www.gjel.com/blog,200,1,4,3,2,The complicated story behind widening Highway 1 in Santa Cruz
https://www.gjel.com/blog/what-is-a-protected-intersection,301,https://www.gjel.com/blog,200,1,4,3,2,What is a protected intersection?
https://www.gjel.com/headlines/traffic-congestion-crossing-richmond-san-rafael-bridge,301,https://www.gjel.com/blog,200,1,4,3,2,Will a Third Westbound Lane Solve Traffic Congestion crossing the Richmond-San Rafael Bridge?
https://www.gjel.com/headlines/gjel-news-center-consumer-library-we-welcome-your-input,301,https://www.gjel.com/blog,200,1,4,3,2,GJEL News Center Consumer Library: We Welcome Your Input
https://www.gjel.com/news/legal-dictionary,301,https://www.gjel.com/blog,200,1,4,3,2,GJEL Legal Dictionary
https://www.gjel.com/blog/medical-malpractice-and-michael-jacksons-death,301,https://www.gjel.com/blog,200,1,4,3,2,Medical malpractice and Michael Jackson’s death
https://www.gjel.com/blog/bart-excursion-fare-earns-millions-from-passengers,301,https://www.gjel.com/blog,200,1,4,3,2,BART’s Excursion Fare: How the Agency Earns Millions from Passengers Not Riding Trains
https://www.gjel.com/mocktrial/california-mock-trial-qa-with-luke-ellis,301,https://www.gjel.com/blog,200,1,4,3,2,California Mock Trial Q&A With Luke Ellis
https://www.gjel.com/mocktrial/defense-checklist,301,https://www.gjel.com/blog,200,1,4,3,2,Defense Checklist
https://www.gjel.com/mocktrial/prosecution-checklist,301,https://www.gjel.com/blog,200,1,4,3,2,Prosecution Checklist
https://www.gjel.com/blog/motorcycle-accident-tbi-settlement-425k-in-san-francisco,301,https://www.gjel.com/blog,200,1,4,4,1,"$425,000 Settlement Secured for Motorcyclist with TBI and Spinal Fracture"
https://www.gjel.com/blog/how-to-get-an-accident-report-in-san-jose,301,https://www.gjel.com/blog,200,1,4,3,2,How to Get an Accident Report in San Jose
https://www.gjel.com/news/how-do-i-afford-to-pay-my-air-ambulance-bill,301,https://www.gjel.com/blog,200,1,4,3,2,How Do I Afford to Pay My Air Ambulance Bill?
https://www.gjel.com/insurance/state-farm,301,https://www.gjel.com/blog,200,1,4,4,0,State Farm
https://www.gjel.com/blog/11m-wrongful-death-case,301,https://www.gjel.com/blog,200,1,4,4,1,$11.7 Million Jury Award for Wrongful Death Case in Contra Costa County Road Accident
https://www.gjel.com/oakland/wrongful-death-attorney,301,https://www.gjel.com/oakland/wrongful-death-lawyers,200,1,4,4,0,Oakland Wrongful Death Office
https://www.gjel.com/insurance/lawsuits,301,https://www.gjel.com/blog,200,1,3,3,1,Personal Injury Lawsuits against California Insurance Companies
http://www.gjel.com/,301,https://www.gjel.com/,200,1,3,3,0,[empty]
https://www.gjel.com/blog/bicycle-accident-112k-settlement-in-brentwood,301,https://www.gjel.com/blog,200,1,3,3,1,Bicycle Accident in Brentwood: Securing Compensation After a Serious Collision
https://www.gjel.com/blog/fatal-hit-and-run-bicycle-accident,301,https://www.gjel.com/blog,200,1,3,3,1,Fatal Hit-and-Run Bicycle Accident in San Joaquin County
https://www.gjel.com/blog/fatal-bicycle-accident-linda-yuba-county,301,https://www.gjel.com/blog,200,1,3,3,1,Fatal Bicycle Accident in Linda Highlights Road Safety Concerns for Cyclists
https://www.gjel.com/news/what-does-litigation-mean-in-a-personal-injury-case,301,https://www.gjel.com/blog,200,1,3,3,0,What does litigation mean in a personal injury case?
https://www.gjel.com/fresno/wrongful-death-lawyer,301,https://www.gjel.com/fresno/fresno-wrongful-death-lawyers,200,1,3,3,0,Fresno wrongful death lawyer
https://www.gjel.com/blog/motorcycle-accident-830k-settlement,301,https://www.gjel.com/blog,200,1,3,3,1,"$830,000 Settlement Secured for Severely Injured Motorcyclist in Santa Clara Collision"
https://www.gjel.com/blog/motorcycle-accident-settlement-250k-in-dublin,301,https://www.gjel.com/blog,200,1,3,3,1,"Motorcyclist Receives $250,000 Settlement After I-580 Collision"
https://www.gjel.com/blog/motorcyclist-major-injuries-in-morgan-hill-motorcycle-accident,301,https://www.gjel.com/blog,200,1,3,3,1,Motorcyclist Suffers Major Injuries in Morgan Hill Motorcycle Accident on Dewitt Avenue
https://www.gjel.com/blog/deadly-motorcycle-crash-in-oakland,301,https://www.gjel.com/blog,200,1,3,3,1,Deadly Motorcycle Crash on I-880 Near Oakland Coliseum Causes Major Traffic Delays
https://www.gjel.com/blog/motorcycle-accident-leaves-rider-with-injuries,301,https://www.gjel.com/blog,200,1,3,3,1,Solo Motorcycle Accident on I-80 Connector in Roseville Leaves Rider with Minor Injuries
https://www.gjel.com/blog/man-injured-in-multi-vehicle-and-motorcycle-collision,301,https://www.gjel.com/blog,200,1,3,3,1,Man Injured in Multi-Vehicle and Motorcycle Collision on I-680 Near Mission Grade
https://www.gjel.com/blog/oakland-bicyclist-wrongful-death-settlement,301,https://www.gjel.com/blog,200,1,3,3,1,"$500,000 Settlement in Wrongful Death of Oakland Bicyclist"
https://www.gjel.com/richmond/brain-injury-lawyers-gjel,301,https://www.gjel.com/richmond/brain-injury-lawyers,200,1,2,2,1,Richmond brain injury lawyers
https://www.gjel.com/gjel.com/blog/bicycle-accident-settlement-in-santa-clara-county,301,https://www.gjel.com/archives/bicycle-accident-settlement-in-santa-clara-county,200,1,2,2,2,$100K bicycle settlement with facial and rib fractures Example of policy limits and medical documentation.
https://www.gjel.com/slip-fall-lawyers,301,https://www.gjel.com/practice,200,1,2,2,0,CALIFORNIA SLIP AND FALL ACCIDENT LAWYER TO WIN YOUR CASE
https://www.gjel.com/slip-fall-lawyers/store-injury,301,https://www.gjel.com/practice,200,1,2,2,0,STORE INJURY SETTLEMENTS – WHAT TO DO IF YOU SLIP AND FALL IN A STORE
https://www.gjel.com/can-medicare-take-entire-recovery,301,https://www.gjel.com/berkeley/wrongful-death-attorneys,200,1,2,2,0,Can Medicare take my entire personal injury recovery settlement?
https://www.gjel.com/car-accident-lawyers/how-much-will-my-personal-injury-lawyer-charge-in-an-auto-accident,301,https://www.gjel.com/contingency-fee,200,1,2,2,0,How Much Do Car Accident Lawyers Charge In California?
https://www.gjel.com/car-accident-lawyers/accident-dont-have-insurance,301,https://www.gjel.com/car-accident-lawyers,200,1,2,2,0,What Happens If You Have a Car Accident Without Insurance?
https://www.gjel.com/mock-trial-scholarship,301,https://www.gjel.com/mocktrial,200,1,2,2,0,Mock Trial ScholarshipS
https://www.gjel.com/oakland/car-accident,301,https://www.gjel.com/oakland,200,1,2,2,0,Oakland Car Accident Lawyers That Fight For You
https://www.gjel.com/san-francisco-2,301,https://www.gjel.com/san-francisco,200,1,2,2,0,San Francisco Car Accident Attorneys & Personal Injury Attorneys
https://www.gjel.com/san-francisco/rear-end-accidents,301,https://www.gjel.com/car-accident-lawyers/rear-end-car-accidents,200,1,2,2,0,Rear-End Car Accidents in San Francisco: Understanding Your Injury Rights
https://www.gjel.com/san-francisco/link-between-speeding-car-accidents,301,https://www.gjel.com/,200,1,2,2,0,The Link Between Speeding and Car Accidents in San Francisco
https://www.gjel.com/san-jose/car-accident,301,https://www.gjel.com/san-jose,200,1,2,2,0,San Jose Car Accident Lawyer | GJEL Accident Attorneys
https://www.gjel.com/san-jose/car-accident/fatal-car-accidents,301,https://www.gjel.com/san-jose,200,1,2,2,0,Fatal Car Accidents in San Jose
https://www.gjel.com/sexual-assault-on-college-campuses,301,https://www.gjel.com/sexual-assault-on-college-campuses,LOOP,1,2,2,0,Sexual Assault on College Campuses
https://www.gjel.com/spinal-cord-injury-attorney,301,https://www.gjel.com/verdicts/traumatic-brain-injury-and-spinal-cord-injury-settlement,200,1,2,2,0,Spinal Cord Injury Attorneys
https://www.gjel.com/stockton/stockton-car-accident-attorneys,301,https://www.gjel.com/stockton,200,1,2,2,0,Stockton Car Accident Attorneys
https://www.gjel.com/california-personal-injury-law-firm,301,https://www.gjel.com/personal-injury-attorneys,200,1,2,2,0,Top-Rated California Accident Attorneys with a 99% Success Rate
https://www.gjel.com/blog/yolo-county-dump-truck-accident-claims-one-life,301,https://www.gjel.com/blog,200,1,2,2,0,Yolo County Dump Truck Accident Claims One Life Near Central Landfill
https://www.gjel.com/blog/clovis-electric-scooter-rider-severely-injured,301,https://www.gjel.com/blog,200,1,2,2,0,Clovis Scooter Accident: Electric Scooter Rider Severely Injured in Multi-Vehicle Collision
https://www.gjel.com/blog/person-airlifted-after-severe-head-on-collision,301,https://www.gjel.com/blog,200,1,2,2,0,Person Airlifted After Severe Head-On Collision at Warren Road and South Burson Road
https://www.gjel.com/blog/fatal-pedestrian-accident-in-hickman-claims-life,301,https://www.gjel.com/blog,200,1,2,2,0,Fatal Pedestrian Accident on Lake Road in Hickman Claims Life of Modesto Man
https://www.gjel.com/blog/parents-dead-2-kids-injured-in-highway-50-tree-crash,301,https://www.gjel.com/blog,200,1,2,2,0,"Parents Dead, 2 Kids Injured After Highway 50 Tree Crash Near Kyburz"
https://www.gjel.com/blog/pedestrian-accident-hospitalizes-man,301,https://www.gjel.com/blog,200,1,2,2,0,Pedestrian Accident Hospitalizes Man Near Villa and Shaw in Clovis
https://www.gjel.com/blog/watt-avenue-pedestrian-struck-by-suv-on-sidewalk,301,https://www.gjel.com/blog,200,1,2,2,0,Pedestrian Accident on Watt Avenue: Pedestrian Struck by SUV on Sidewalk in North Highlands
https://www.gjel.com/blog/multi-vehicle-bridge-accident-shuts-down-sr-160,301,https://www.gjel.com/blog,200,1,2,2,0,"Multi-Vehicle Bridge Accident Shuts Down SR-160 Near Antioch, Causing Major Traffic Delays"
https://www.gjel.com/blog/fresno-traffic-multi-vehicle-crash-involving-electric-scooter-rider,301,https://www.gjel.com/blog,200,1,2,2,0,Serious Injuries Reported After Fresno Traffic Multi-Vehicle Crash Involving Electric Scooter Rider
https://www.gjel.com/blog/rancho-cordova-car-accident-sends-victim-to-hospital-on-coloma-road,301,https://www.gjel.com/blog,200,1,2,2,0,Rancho Cordova Car Accident Sends Victim to Hospital on Coloma Road
https://www.gjel.com/blog/traffic-collision-leaves-san-francisco-resident-injured,301,https://www.gjel.com/blog,200,1,2,2,0,Multi-Vehicle Collision at Geneva and San Jose Avenue Intersection Leaves San Francisco Resident Injured
https://www.gjel.com/blog/fatal-traffic-collision-in-alturas-auction-yard-claims-lives,301,https://www.gjel.com/blog,200,1,2,2,0,Fatal Traffic Collision Near Alturas Auction Yard Claims Lives
https://www.gjel.com/blog/head-on-collision-leaves-victims-with-major-injuries,301,https://www.gjel.com/blog,200,1,2,2,0,Head-On Collision on State Route 165 Near Hilmar Leaves Victims With Major Injuries
https://www.gjel.com/blog/minor-injuries-after-suv-strikes-in-a-pedestrian-accident,301,https://www.gjel.com/blog,200,1,2,2,0,Minor Injuries Reported After SUV Strikes Pedestrian on Luther Road in Auburn
https://www.gjel.com/blog/fatal-train-accident-in-west-berkeley-claims-life-of-man-in-his-30s,301,https://www.gjel.com/blog,200,1,2,2,0,Fatal Train Accident in West Berkeley Claims Life of Man in His 30s
https://www.gjel.com/blog/fatal-crash-leaves-one-dead-multiple-injured,301,https://www.gjel.com/blog,200,1,2,2,0,"Fatal Crash On Highway 99 Near Highway 180 Leaves One Dead, Multiple Injured in Fresno"
https://www.gjel.com/blog/7-year-old-boy-suffers-major-injuries-in-el-dorado-county-off-road-motorcycle-crash,301,https://www.gjel.com/blog,200,1,2,2,0,7-Year-Old Boy Suffers Major Injuries in El Dorado County Off-Road Motorcycle Crash
https://www.gjel.com/blog/early-morning-traffic-collision-prompts-emergency-response,301,https://www.gjel.com/blog,200,1,2,2,0,Early Morning Traffic Collision on US-101 North in King City Prompts Emergency Response
https://www.gjel.com/blog/bicycle-accident-in-boyes-leaves-cyclist-injured,301,https://www.gjel.com/blog,200,1,2,2,0,Bicycle Accident at Greger Street and Northside Avenue in Boyes Hot Springs Leaves Cyclist Injured
https://www.gjel.com/blog/94-year-old-man-critically-injured-in-semi-truck-collision,301,https://www.gjel.com/blog,200,1,2,2,0,94-Year-Old Man Critically Injured in Semi-Truck Collision at Highway 99 and Highway 20 in Yuba City
https://www.gjel.com/blog/two-dead-including-child-in-multi-vehicle-crash,301,https://www.gjel.com/blog,200,1,2,2,0,Two Dead Including Child in Multi-Vehicle Crash on Highway 87 Near Curtner Avenue in San Jose
https://www.gjel.com/blog/pedestrian-fatally-struck-on-interstate-880,301,https://www.gjel.com/blog,200,1,2,2,0,Pedestrian Killed While Crossing Interstate 880 in Oakland Monday Morning
https://www.gjel.com/blog/injuries-reported-after-traffic-accident-in-fremont,301,https://www.gjel.com/blog,200,1,2,2,0,Injuries Reported After Traffic Accident on I-880 North Near Mission Boulevard in Fremont
https://www.gjel.com/blog/17-year-old-arrested-in-fatal-hit-and-run-crash-in-rohnert-park,301,https://www.gjel.com/blog,200,1,2,2,0,17-Year-Old Arrested in Fatal Hit-and-Run Crash in Rohnert Park
https://www.gjel.com/blog/fatal-motorcycle-accident-closes-interstate-80,301,https://www.gjel.com/blog,200,1,2,2,0,Fatal Motorcycle Accident Closes Interstate 80 in Berkeley Sunday Afternoon
https://www.gjel.com/blog/granite-bay-man-killed-in-head-on-crash,301,https://www.gjel.com/blog,200,1,2,2,0,Granite Bay Man Killed in Head-On Crash on Eureka Road; CHP Investigating Fatal Collision
https://www.gjel.com/blog/livermore-traffic-accident-with-injuries,301,https://www.gjel.com/blog,200,1,2,2,0,Livermore Traffic Accident with Injuries on I-580 Westbound Near N Flynn Road
https://www.gjel.com/blog/a-storefront-crash-into-los-gatos-coffee-shop-on-thanksgiving-evening,301,https://www.gjel.com/blog,200,1,2,2,0,A Storefront Crash Into Los Gatos Coffee Shop on Thanksgiving Evening
https://www.gjel.com/blog/fatal-head-on-big-rig-collision-closes-highway,301,https://www.gjel.com/blog,200,1,2,2,0,Fatal Head-On Big Rig Collision Closes Highway 20 in Northern California
https://www.gjel.com/blog/drunk-driver-suspected-in-second-collision-killed-disabled-motorist,301,https://www.gjel.com/blog,200,1,2,2,0,Fatal Highway 99 Crash in Stockton: Drunk Driver Suspected in Second Collision That Killed Disabled Motorist
https://www.gjel.com/blog/three-vehicle-crash-leaves-community-shaken,301,https://www.gjel.com/blog,200,1,2,2,0,Three-Vehicle Crash on Golden State Boulevard in Turlock Leaves Community Shaken
https://www.gjel.com/blog/motorcycle-accident-in-butte-county,301,https://www.gjel.com/blog,200,1,2,2,0,Motorcycle Accident on Highway 162 in Butte County: What We Know About the November 11th Collision
https://www.gjel.com/blog/traffic-collision-injures-motorist-in-pleasanton,301,https://www.gjel.com/blog,200,1,2,2,0,Traffic Collision Injures Motorist on Southbound I-680 Near Sunol Boulevard in Pleasanton
https://www.gjel.com/blog/fatal-two-vehicle-accident-in-woodland-claims-life,301,https://www.gjel.com/blog,200,1,2,2,0,Fatal Two-Vehicle Accident on County Road 102 in Woodland Claims Life
https://www.gjel.com/blog/fatal-early-morning-crash-claims-life-of-fresno-woman,301,https://www.gjel.com/blog,200,1,2,2,0,Fatal Early Morning Crash Claims Life of Fresno Woman at Cedar and McKinley Intersection
https://www.gjel.com/blog/traffic-collision-causes-injuries-and-lane-closures,301,https://www.gjel.com/blog,200,1,2,2,0,Traffic Collision Causes Injuries and Lane Closures on CA-4 Eastbound Near CA-242 in Concord
https://www.gjel.com/blog/major-big-rig-accidents-causes-traffic-delays,301,https://www.gjel.com/blog,200,1,2,2,0,Major Big Rig Accidents on Interstate 80 Near Alta Cause Extended Traffic Delays and Hazardous Road Conditions
https://www.gjel.com/blog/fatal-crash-claims-life-of-man-in-rear-end-collision,301,https://www.gjel.com/blog,200,1,2,2,0,Fatal Crash Claims Life of Parlier Man in Rear-End Collision with Semi-Tractor on American Avenue
https://www.gjel.com/blog/five-injured-in-manteca-three-vehicle-collision-involving-motorcycle,301,https://www.gjel.com/blog,200,1,2,2,0,Five Injured in Manteca Three-Vehicle Collision Involving Motorcycle
https://www.gjel.com/blog/family-dog-dies-person-injured-in-valley-springs-single-car-accident,301,https://www.gjel.com/blog,200,1,2,2,0,"Family Dog Dies, Person Injured in Valley Springs Single-Car Accident"
https://www.gjel.com/blog/fatal-pedestrian-accident-claims-life-of-34-year-old-man,301,https://www.gjel.com/blog,200,1,2,2,0,Fatal Pedestrian Accident on Herndon Avenue in Northwest Fresno Claims Life of 34-Year-Old Man
https://www.gjel.com/blog/luke-ellis-named-to-motor-vehicle-trial-lawyers-association-top-25-recognition-among-nations-elite-trial-attorneys,301,https://www.gjel.com/blog,200,1,2,2,0,Luke Ellis Named to Motor Vehicle Trial Lawyers Association Top 25: Recognition Among Nation’s Elite Trial Attorneys
https://www.gjel.com/blog/passenger-injured-after-utility-pole-crash-in-chico,301,https://www.gjel.com/blog,200,1,2,2,0,Passenger Injured After Utility Pole Crash SUV Windshield in Highway 99 Crash in Chico
https://www.gjel.com/blog/freeway-crash-stalls-traffic-in-sacramento,301,https://www.gjel.com/blog,200,1,2,2,0,"Capital City Freeway Crash Stalls Traffic, Sends Up Black Smoke in Sacramento"
https://www.gjel.com/blog/deadly-crash-on-interstate-780-claimed-life,301,https://www.gjel.com/blog,200,1,2,2,0,Deadly Crash on Interstate 780 Near Vallejo 2nd Street Off-Ramp
https://www.gjel.com/blog/two-vehicle-crash-leaves-community-shaken,301,https://www.gjel.com/blog,200,1,2,2,0,Two-Vehicle Crash at Channel Street and Via Lacqua Leaves San Lorenzo Community Shaken
https://www.gjel.com/blog/head-on-collision-leaves-two-with-major-injuries,301,https://www.gjel.com/blog,200,1,2,2,0,Head-on Collision on Turner Road in Lodi Leaves Two with Major Injuries
https://www.gjel.com/blog/tanker-truck-crash-closes-prompts-emergency,301,https://www.gjel.com/blog,200,1,2,2,0,Tanker Truck Crash Closes Interstate 5 in Anderson Prompts Emergency
https://www.gjel.com/blog/antioch-highway-4-truck-accident,301,https://www.gjel.com/blog,200,1,2,2,0,Antioch Truck Accident: Multi-Vehicle Crash Involving Overturned Big Rig Causes Major Delays on Highway 4
https://www.gjel.com/blog/fatal-pedestrian-accident-in-sacramento-3,301,https://www.gjel.com/blog,200,1,2,2,0,Fatal Pedestrian Accident at Sheldon Road and Butterscotch Way in Sacramento
https://www.gjel.com/blog/two-dead-after-fatal-multi-vehicle-crash,301,https://www.gjel.com/blog,200,1,2,2,0,Two Dead After Hit-and-Run Triggers Fatal Multi-Vehicle Crash on Highway 101 in Santa Clara
https://www.gjel.com/blog/sausalito-car-accident-injures-multiple-people,301,https://www.gjel.com/blog,200,1,2,2,0,Sausalito Car Accident on US-101 Injures Multiple People Near Golden Gate Vista Point
https://www.gjel.com/blog/multi-vehicle-collision-on-bay-bridge-accident-leaves-eight-injured-one-critical,301,https://www.gjel.com/blog,200,1,2,2,0,"Multi-Vehicle Collision on Bay Bridge Accident Leaves Eight Injured, One Critical"
https://www.gjel.com/blog/pedestrian-major-injuries-in-dui-related-crash,301,https://www.gjel.com/blog,200,1,2,2,0,Pedestrian Suffers Major Injuries in DUI-Related Crash on Sunset Avenue in Fairfield
https://www.gjel.com/blog/fatal-pedestrian-accident-claims-life-of-55-year-old-man,301,https://www.gjel.com/blog,200,1,2,2,0,Fatal Pedestrian Accident on Decoto Road in Union City Claims Life of 55-Year-Old Man
https://www.gjel.com/blog/diesel-spill-shuts-down-highway-101-lanes,301,https://www.gjel.com/blog,200,1,2,2,0,Diesel Spill Shuts Down Highway 101 Lanes After SUV Collides with Semitruck in Santa Rosa
https://www.gjel.com/blog/a-rider-injured-in-an-e-bike-accident,301,https://www.gjel.com/blog,200,1,2,2,0,A Rider Injured in an E-bike Accident in Redwood City at Barron Avenue and Bay Road
https://www.gjel.com/blog/three-vehicle-crash-on-state-route-25-near-hollister-leaves-multiple-injured,301,https://www.gjel.com/blog,200,1,2,2,0,Three-Vehicle Crash on State Route 25 Near Hollister Leaves Multiple Injured
https://www.gjel.com/blog/fatal-head-on-crash-closes-highway,301,https://www.gjel.com/blog,200,1,2,2,0,Fatal Head-On Crash Closes Highway 395 Near Milford in Lassen County
https://www.gjel.com/blog/motorcycle-crash-leaves-rider-seriously-hurt,301,https://www.gjel.com/blog,200,1,2,2,0,Major Injury Motorcycle Crash in La Selva Beach Leaves Rider Seriously Hurt
https://www.gjel.com/blog/fatal-pedestrian-accident-in-downtown-san-rafael,301,https://www.gjel.com/blog,200,1,2,2,0,Fatal Pedestrian Accident at A and Second Streets in Downtown San Rafael
https://www.gjel.com/blog/pedestrian-suffers-traumatic-injuries-after-pickup-truck-collision,301,https://www.gjel.com/blog,200,1,2,2,0,Pedestrian Suffers Traumatic Injuries After Pickup Truck Collision on Bechelli Lane in Redding
https://www.gjel.com/blog/school-bus-accident-carrying-students-with-disabilities,301,https://www.gjel.com/blog,200,1,2,2,0,Del Paso Heights School Bus Accident: Vehicle Strikes Bus Carrying Students with Disabilities
https://www.gjel.com/blog/fatal-dui-crash-claims-one-life-injures-two-others,301,https://www.gjel.com/blog,200,1,2,2,0,"Fatal DUI Crash on Lakeville Highway Claims One Life, Injures Two Others"
https://www.gjel.com/blog/fatal-pedestrian-accident-on-ocean-avenue,301,https://www.gjel.com/blog,200,1,2,2,0,Fatal Pedestrian Accident on Ocean Avenue Near City College of San Francisco
https://www.gjel.com/blog/fatal-van-crash-at-wharf-claims-drivers-life,301,https://www.gjel.com/blog,200,1,2,2,0,Fatal Van Crash at Santa Cruz Wharf Claims Driver’s Life as Vehicle Plunges Into Monterey Bay
https://www.gjel.com/blog/fatal-pedestrian-accident-leaves-one-dead,301,https://www.gjel.com/blog,200,1,2,2,0,Fatal Pedestrian Accident on Monterey Road in San Jose Leaves One Dead
https://www.gjel.com/blog/pedestrian-killed-in-suspected-dui-crash,301,https://www.gjel.com/blog,200,1,2,2,0,Pedestrian Killed in Suspected DUI Crash on Highway 87/I-280 Connector in San Jose
https://www.gjel.com/blog/major-multi-vehicle-crash-closes-northbound-highway-99-in-modesto,301,https://www.gjel.com/blog,200,1,2,2,0,Major Multi-Vehicle Crash Closes Northbound Highway 99 in Modesto
https://www.gjel.com/blog/fatal-motorcycle-accident-claims-riders-life,301,https://www.gjel.com/blog,200,1,2,2,0,Fatal Motorcycle Accident on I-80 in Emeryville Claims Rider’s Life
https://www.gjel.com/blog/multi-vehicle-crash-leaves-one-seriously-injured,301,https://www.gjel.com/blog,200,1,2,2,0,Multi-Vehicle Crash Involving Semi-Truck Leaves One Seriously Injured in Prunedale
https://www.gjel.com/blog/person-killed-in-fatal-pedestrian-accident,301,https://www.gjel.com/blog,200,1,2,2,0,Person Killed in Fatal Highway 99 Pedestrian Accident Near Mack Road in Sacramento
https://www.gjel.com/blog/man-dead-in-a-garbage-truck-collision,301,https://www.gjel.com/blog,200,1,2,2,0,"Man Struck, Killed After Garbage Truck Collision While Sleeping in San Jose Alley"
https://www.gjel.com/blog/four-injured-in-two-vehicle-crash-on-highway-29,301,https://www.gjel.com/blog,200,1,2,2,0,Four Injured in Two-Vehicle Crash on Highway 29 Near Robert Louis Stevenson Park
https://www.gjel.com/blog/woman-injured-in-pedestrian-accident,301,https://www.gjel.com/blog,200,1,2,2,0,Woman Injured in Pedestrian Accident at Fruitridge Road and Stockton Boulevard
https://www.gjel.com/blog/tragic-pedestrian-accident-in-fresno,301,https://www.gjel.com/blog,200,1,2,2,0,Tragic Pedestrian Accident on Blackstone Avenue in Fresno Raises Crosswalk Safety Concerns
https://www.gjel.com/blog/two-killed-in-wrong-way-collision-on-highway-101,301,https://www.gjel.com/blog,200,1,2,2,0,Two Killed in Wrong-Way Collision on Highway 101 Near Chualar
https://www.gjel.com/blog/two-vehicle-collision-in-fremont-leaves-two-with-minor-injuries,301,https://www.gjel.com/blog,200,1,2,2,0,Two-Vehicle Collision on I-880 South Near Decoto Road in Fremont Leaves Two with Minor Injuries
https://www.gjel.com/blog/two-vehicle-crash-on-westbound-sr-4-near-harbor-street-injures-driver-in-pittsburg,301,https://www.gjel.com/blog,200,1,2,2,0,Two-Vehicle Crash on Westbound SR-4 Near Harbor Street Injures Driver in Pittsburg
https://www.gjel.com/blog/fatal-high-speed-crash-in-la-riviera-claims-one-life-injures-two-others,301,https://www.gjel.com/blog,200,1,2,2,0,"Fatal High-Speed Crash in La Riviera Claims One Life, Injures Two Others"
https://www.gjel.com/blog/fatal-motorcycle-crash-in-rohnert-park,301,https://www.gjel.com/blog,200,1,2,2,0,Fatal Motorcycle Crash on Highway 101 in Rohnert Park Claims Life After Vehicle Loses Control Avoiding Road Debris
https://www.gjel.com/blog/veteran-flight-nurse-and-crew-critically-injured-after-medical-helicopter-crash,301,https://www.gjel.com/blog,200,1,2,2,0,Veteran Flight Nurse and Crew Critically Injured After Sacramento Medical Helicopter Crash
https://www.gjel.com/blog/multiple-injuries-reported-in-multi-vehicle-crash-on-interstate-80-in-fairfield,301,https://www.gjel.com/blog,200,1,2,2,0,Multiple Injuries Reported in Multi-Vehicle Crash on Interstate 80 in Fairfield
https://www.gjel.com/blog/deadly-motorcycle-accident-claims-life,301,https://www.gjel.com/blog,200,1,2,2,0,Deadly Motorcycle Accident Claims Life Near Fairfield Intersection
https://www.gjel.com/blog/california-national-guard-member-dies-in-rollover-accident,301,https://www.gjel.com/blog,200,1,2,2,0,California National Guard Member Dies in Rollover Accident on Tollhouse Road in Fresno County
https://www.gjel.com/blog/fatal-crash-claims-one-life-injures-another,301,https://www.gjel.com/blog,200,1,2,2,0,"Fatal Crash on Highway 99 Near Los Molinos Claims One Life, Injures Another"
https://www.gjel.com/blog/head-on-crash-in-north-fork-claims-life,301,https://www.gjel.com/blog,200,1,2,2,0,"Head-On Crash in North Fork Claims Life of 69-Year-Old Woman, Injures Man"
https://www.gjel.com/blog/single-vehicle-rollover-accident-on-skyway-in-magalia-leaves-one-injured,301,https://www.gjel.com/blog,200,1,2,2,0,Single-Vehicle Rollover Accident on Skyway in Magalia Leaves One Injured
https://www.gjel.com/blog/fatal-pedestrian-accident-near-sacramento,301,https://www.gjel.com/blog,200,1,2,2,0,Fatal Pedestrian Accident Near Sacramento Executive Airport Claims Life
https://www.gjel.com/blog/seven-hospitalized-after-major-two-vehicle-collision,301,https://www.gjel.com/blog,200,1,2,2,0,Seven Hospitalized After Major Two-Vehicle Collision in East Sacramento County
https://www.gjel.com/blog/fatal-head-on-collision-claims-womans-life,301,https://www.gjel.com/blog,200,1,2,2,0,Fatal Head-On Collision Claims Woman’s Life on Highway 121 in Schellville
https://www.gjel.com/blog/construction-worker-seriously-injured,301,https://www.gjel.com/blog,200,1,2,2,0,Construction Worker Seriously Injured in Highway 101 Van Collision Near Novato
https://www.gjel.com/blog/highway-50-fatal-truck-accident-driver-dies-after-crash,301,https://www.gjel.com/blog,200,1,2,2,0,Highway 50 Fatal Truck Accident: Corvette Driver Dies After Crash with Tractor-Trailer Near Howe Avenue
https://www.gjel.com/blog/10-year-old-boy-dies-in-tragic-pedestrian-accident-in-fresno,301,https://www.gjel.com/blog,200,1,2,2,0,10-Year-Old Boy Dies in Tragic Pedestrian Accident on Golden State Boulevard in Fresno
https://www.gjel.com/blog/fatal-motorcycle-accident-claims-life,301,https://www.gjel.com/blog,200,1,2,2,0,Fatal Motorcycle Accident on Coloma Road Claims Life in Placerville
https://www.gjel.com/blog/fatal-bicycle-accident-claims-life-of-60-year-old,301,https://www.gjel.com/blog,200,1,2,2,0,Fatal Bicycle Accident Claims Life of 60-Year-Old Roseville Man on I-80 Ramp
https://www.gjel.com/blog/bay-point-pedestrian-accident-on-willow-pass-road,301,https://www.gjel.com/blog,200,1,2,2,0,Bay Point Pedestrian Accident on Willow Pass Road: Understanding Your Legal Rights
https://www.gjel.com/blog/fatal-single-vehicle-crash-claims-two-lives-in-shasta-county,301,https://www.gjel.com/blog,200,1,2,2,0,Fatal Single-Vehicle Crash on Wildcat Road Claims Two Lives in Shasta County
https://www.gjel.com/blog/fatal-three-vehicle-collision-claims-two-lives,301,https://www.gjel.com/blog,200,1,2,2,0,Fatal Three-Vehicle Collision on Highway 183 Near Salinas Claims Two Lives
https://www.gjel.com/blog/pedestrian-killed-in-oakland-eighth-street,301,https://www.gjel.com/blog,200,1,2,2,0,Pedestrian Killed in Downtown Oakland Traffic Collision at Eighth Street and Broadway
https://www.gjel.com/blog/multiple-injuries-reported-in-fiery-multi-vehicle-crash,301,https://www.gjel.com/blog,200,1,2,2,0,Multiple Injuries Reported in Fiery Multi-Vehicle Crash on Highway 99 in Fresno County
https://www.gjel.com/blog/fatal-pedestrian-accident-leaves-victim-injured,301,https://www.gjel.com/blog,200,1,2,2,0,Fatal Pedestrian Accident Leaves Victim Injured in South Natomas Traffic Collision
https://www.gjel.com/blog/hit-and-run-accident-injures-driver,301,https://www.gjel.com/blog,200,1,2,2,0,"Hit-and-Run Accident Injures Driver on Interstate 80 Near Woodland, CA"
https://www.gjel.com/blog/multi-vehicle-collision-in-sacramento,301,https://www.gjel.com/blog,200,1,2,2,0,Sacramento Multi-Vehicle Collision Accident on East Stockton Boulevard Near Costco
https://www.gjel.com/blog/bicyclist-killed-in-vallejo-bicycle-accident,301,https://www.gjel.com/blog,200,1,2,2,0,Bicyclist Killed in Early Morning Vallejo Bicycle Accident on Sonoma Boulevard
https://www.gjel.com/blog/fatal-head-on-collision-leaves-one-dead-five-injured,301,https://www.gjel.com/blog,200,1,2,2,0,"Fatal Head-On Collision in Monterey County Leaves One Dead, Five Injured"
https://www.gjel.com/blog/san-jose-drunk-driving-crash-severe-injuries,301,https://www.gjel.com/blog,200,1,2,2,0,San Jose Drunk Driving Accident Leaves Two Severely Injured After Car Strikes Nightclub Barriers
https://www.gjel.com/blog/sacramento-woman-killed-in-a-semi-truck-collision,301,https://www.gjel.com/blog,200,1,2,2,0,Sacramento Woman Killed in Sutter County Semi-Truck Collision at Stop Sign Intersection
https://www.gjel.com/blog/deadly-motorcycle-crash-causes-major-traffic-delays,301,https://www.gjel.com/blog,200,1,2,2,0,Deadly Motorcycle Crash on I-80 Near Davis Causes Major Traffic Delays
https://www.gjel.com/blog/fatal-two-vehicle-collision-accident-claims-life-in-citrus-heights,301,https://www.gjel.com/blog,200,1,2,2,0,Fatal Two-Vehicle Collision Accident Claims Life in Citrus Heights
https://www.gjel.com/blog/two-vehicle-collision-leaves-driver-injured,301,https://www.gjel.com/blog,200,1,2,2,0,Two-Vehicle Collision on Interstate 205 in Tracy Leaves Driver Injured
https://www.gjel.com/blog/multi-vehicle-collision-legal-considerations,301,https://www.gjel.com/blog,200,1,2,2,0,Fatal Multi-Vehicle Collision Reported on Highway 88 Near Pine Grove: Legal Considerations
https://www.gjel.com/blog/fatal-crash-in-santa-clara-county-wrongful-death,301,https://www.gjel.com/blog,200,1,2,2,0,Fatal Crash in Highway 152 Near Gilroy Claims Life in Santa Clara County
https://www.gjel.com/blog/single-vehicle-accident-early-morning-drive,301,https://www.gjel.com/blog,200,1,2,2,0,Single-Vehicle Accident on US-101 at Cesar Chavez Off-Ramp Highlights Need for Early Morning Driving Caution
https://www.gjel.com/blog/hit-and-run-crash-injures-driver-at-fresno-county-intersection,301,https://www.gjel.com/blog,200,1,2,2,0,Hit-and-Run Collision Injures Driver at Fresno County Intersection
https://www.gjel.com/blog/fatal-single-vehicle-accident-in-fresno-county,301,https://www.gjel.com/blog,200,1,2,2,0,Fatal Single-Vehicle Accident in Fresno County Highlights Critical Road Safety Issues
https://www.gjel.com/blog/severe-car-crash-results-in-250000-settlement,301,https://www.gjel.com/blog,200,1,2,2,0,"Severe Car Crash into United States Post Office Results in $250,000 Settlement for Injured Woman"
https://www.gjel.com/blog/tragic-pedestrian-accident-safety-concerns,301,https://www.gjel.com/blog,200,1,2,2,0,Tragic Pedestrian Accident Highlights Safety Concerns at San Francisco’s Sixth and Howard Street Intersection
https://www.gjel.com/blog/fatal-i-580-early-morning-collision-near-richmond-san-rafael-bridge-what-oakland-drivers-need-to-know,301,https://www.gjel.com/blog,200,1,2,2,0,Fatal I-580 Early Morning Collision Near Richmond-San Rafael Bridge: What Oakland Drivers Need to Know
https://www.gjel.com/blog/head-on-collision-one-trapped-multiple-injured,301,https://www.gjel.com/blog,200,1,2,2,0,"Serious Head-On Collision Leaves One Trapped, Multiple Injured on Highway 12 Near Sebastopol"
https://www.gjel.com/blog/multi-vehicle-accident-leaves-one-injured,301,https://www.gjel.com/blog,200,1,2,2,0,Multi-Vehicle Accident on Highway 4 Near Stockton Leaves One Person Seriously Injured
https://www.gjel.com/blog/luke-ellis-americas-top-100-personal-injury-attorney,301,https://www.gjel.com/blog,200,1,2,2,0,Attorney Luke Ellis Named Among America’s Top 100 Personal Injury Attorneys: A Testament to Excellence in Personal Injury Law
https://www.gjel.com/blog/pedestrian-accident-suspected-drug-impaired-driver,301,https://www.gjel.com/blog,200,1,2,2,0,Redding Pedestrian Accident: Pedestrian Fatally Struck by Suspected Drug-Impaired Driver on Highway 273
https://www.gjel.com/blog/deadly-head-on-crash-claims-one-life-and-injuries,301,https://www.gjel.com/blog,200,1,2,2,0,Deadly Head-On Crash at White Rock and Grant Line Roads Claims Life of 21-Year-Old Driver
https://www.gjel.com/blog/multi-vehicle-collision-causes-major-traffic,301,https://www.gjel.com/blog,200,1,2,2,0,"Multi-Vehicle Collision Accident Causes Major Traffic Disruption on Highway 99 in Galt, California"
https://www.gjel.com/blog/pedestrian-accident-critical-crosswalk-safety,301,https://www.gjel.com/blog,200,1,2,2,0,Fatal Pedestrian Accident in San Jose Highlights Critical Crosswalk Safety Issues
https://www.gjel.com/blog/people-injured-after-a-vehicle-into-building-accident,301,https://www.gjel.com/blog,200,1,2,2,0,Several People Injured After a Vehicle-into-Building Accident Accident into a Magalia Home Early Morning Collision
https://www.gjel.com/blog/three-vehicle-collision-major-injuries,301,https://www.gjel.com/blog,200,1,2,2,0,Three-Vehicle Collision Causes Major Injuries on SR-24 Near Caldecott Tunnel
https://www.gjel.com/blog/deadly-hit-and-run-claims-two-lives,301,https://www.gjel.com/blog,200,1,2,2,0,Deadly Hit-and-Run on Jefferson Boulevard Claims Two Lives: Fair Oaks Man Arrested
https://www.gjel.com/blog/three-lives-lost-in-suspected-dui-crash,301,https://www.gjel.com/blog,200,1,2,2,0,Three Lives Lost in Suspected DUI Crash on Sacramento’s Roseville Road
https://www.gjel.com/blog/single-vehicle-accident-center-divider-collisions,301,https://www.gjel.com/blog,200,1,2,2,0,Single-Vehicle Accident on I-205 in Tracy: What Drivers Need to Know About Center Divider Collisions
https://www.gjel.com/blog/traffic-disrupted-after-two-car-collision,301,https://www.gjel.com/blog,200,1,2,2,0,I-280 Traffic Disrupted After Two-Car Collision Near Ocean Avenue Exit
https://www.gjel.com/blog/fresno-construction-excavator-workplace-accident,301,https://www.gjel.com/blog,200,1,2,2,0,Fresno County Construction Worker Dies in Excavator Overturn Workplace Accident
https://www.gjel.com/blog/single-vehicle-crash-leaves-one-dead-two-injured,301,https://www.gjel.com/blog,200,1,2,2,0,"Single-Vehicle Crash on Mount Whitney Avenue Leaves One Dead, Two Injured After SUV Crashes Into Fresno Orchard"
https://www.gjel.com/blog/walnut-creek-accident-injury-crash,301,https://www.gjel.com/blog,200,1,2,2,0,Injury Crash on I-680 Northbound in Walnut Creek Prompts Emergency Response
https://www.gjel.com/blog/two-vehicle-accident-in-hayward-multiple-injured,301,https://www.gjel.com/blog,200,1,2,2,0,Two-Vehicle Accident in Hayward Leaves Multiple Injured at Elm Street Intersection
https://www.gjel.com/blog/fatal-chain-reaction-crash-hit-and-run-dui,301,https://www.gjel.com/blog,200,1,2,2,0,Fatal Chain-Reaction Crash on I-280 in Daly City Claims Life of Young Driver
https://www.gjel.com/blog/oakland-chinatown-two-vehicle-crash,301,https://www.gjel.com/blog,200,1,2,2,0,Late Night Two-Vehicle Crash in Oakland’s Chinatown Leaves One Injured
https://www.gjel.com/blog/fatal-head-on-collision-in-napa-county,301,https://www.gjel.com/blog,200,1,2,2,0,Fatal Head-On Collision in Napa County: Understanding Your Legal Rights After a Serious Car Accident
https://www.gjel.com/blog/pregnant-woman-injured-in-two-vehicle-crash,301,https://www.gjel.com/blog,200,1,2,2,0,Pregnant Woman Injured in Two-Vehicle Crash on Interstate 80 in North Highlands Sacramento
https://www.gjel.com/blog/fatal-head-on-collision-on-highway-101,301,https://www.gjel.com/blog,200,1,2,2,0,Fatal Head-On Collision on Highway 101 Near Laytonville Results in DUI Arrest
https://www.gjel.com/blog/fatal-dui-wrong-way-crash-claims-life,301,https://www.gjel.com/blog,200,1,2,2,0,Fatal DUI Wrong-Way Crash on Highway 87 Claims Life of San Jose Passenger
https://www.gjel.com/blog/fatal-three-vehicle-collision-medical-emergencies,301,https://www.gjel.com/blog,200,1,2,2,0,Fatal Three-Vehicle Collision on Sisk Road in Modesto: Understanding Medical Emergencies Behind the Wheel
https://www.gjel.com/blog/sacramento-sideshow-accident-bystander-injured,301,https://www.gjel.com/blog,200,1,2,2,0,Bystander Injured in Sacramento Sideshow as Dangerous Street Racing Event Spans Multiple Locations
https://www.gjel.com/blog/14-year-old-boy-dies-in-police-chase-rollover-crash,301,https://www.gjel.com/blog,200,1,2,2,0,14-Year-Old Boy Dies in North Bay Deadly Rollover Crash During Police Chase
https://www.gjel.com/blog/vehicle-crash-in-sacramento-building-collision,301,https://www.gjel.com/blog,200,1,2,2,0,Vehicle Crashes Into Sacramento Area Dental Office: Understanding Liability in Building Collision Cases
https://www.gjel.com/blog/two-car-collision-in-fresno-serious-accident,301,https://www.gjel.com/blog,200,1,2,2,0,Fatal Two-Car Collision in Fresno County: Understanding Your Legal Rights After a Serious Accident
https://www.gjel.com/blog/fatal-head-on-collision-claims-one-life,301,https://www.gjel.com/blog,200,1,2,2,0,Fatal Head-On Collision on Highway 120 Claims One Life in Stanislaus County
https://www.gjel.com/blog/wrong-way-driving-in-contra-costa-caused-injury,301,https://www.gjel.com/blog,200,1,2,2,0,Wrong-Way Driving Incident on I-680 Results in Serious Injury Collision
https://www.gjel.com/blog/225k-pedestrian-accident-settlement,301,https://www.gjel.com/blog,200,1,2,2,0,"$225,000 Settlement for Pedestrian Accident in Richmond, CA"
https://www.gjel.com/blog/200k-medical-transport-accident,301,https://www.gjel.com/blog,200,1,2,2,0,"$200,000 Settlement Secured for Estate in Medical Transport Accident"
https://www.gjel.com/blog/pregnant-car-accident-settlement,301,https://www.gjel.com/blog,200,1,2,2,0,"$205,000 Settlement for Pregnant Woman in Rear-End Collision"
https://www.gjel.com/blog/car-accident-settlement-100k,301,https://www.gjel.com/blog,200,1,2,2,0,"$100,000 Settlement Achieved for Client in Car Accident"
https://www.gjel.com/blog/caltrans-accident-250k-settlement,301,https://www.gjel.com/blog,200,1,2,2,0,"$250,000 Settlement for Plumber Injured in Caltrans Collision"
https://www.gjel.com/blog/multiple-car-accident-settlement,301,https://www.gjel.com/blog,200,1,2,2,0,Settlement Achieved for RN with Neck Injuries from Two Rear-End Collisions
https://www.gjel.com/blog/pedestrian-accident-settlement-475k-in-oakland,301,https://www.gjel.com/blog,200,1,2,2,0,"Wheelchair Pedestrian Receives $475,000 Settlement After Oakland Collision"
https://www.gjel.com/blog/oakland-car-accident-300k-settlement,301,https://www.gjel.com/blog,200,1,2,2,0,"Client Receives $300,000 Settlement After Oakland Car Accident"
https://www.gjel.com/blog/castro-valley-bike-accident-100k-settlement,301,https://www.gjel.com/blog,200,1,2,2,0,"Castro Valley Cyclist Secures $100,000 Settlement After Negligent Driver Collision"
https://www.gjel.com/blog/yuba-county-rv-crash-accident,301,https://www.gjel.com/blog,200,1,2,2,0,"Yuba County RV Crash: Four Injured, Including Two Children"
https://www.gjel.com/blog/fatal-multi-vehicle-crash-on-i-5-claims-life-of-24-year-old-passenger-in-fresno-area,301,https://www.gjel.com/wrongful-death-lawyers,200,1,2,2,0,Fatal Multi-Vehicle Crash on I-5 Claims Life of 24-Year-Old Passenger in Fresno Area
https://www.gjel.com/blog/what-to-do-if-you-cause-a-car-accident-a-comprehensive-guide,301,https://www.gjel.com/blog,200,1,2,2,0,What To Do After Causing a Car Accident: A Step-by-Step Guide
https://www.gjel.com/blog/fatal-hit-and-run-in-san-jose-pedestrian-killed,301,https://www.gjel.com/blog,200,1,2,2,0,"Fatal Hit-and-Run in San José: Pedestrian Killed, Driver Apprehended"
https://www.gjel.com/blog/the-complexities-of-multi-vehicle-accidents-a-personal-injury-attorneys-perspective,301,https://www.gjel.com/blog,200,1,2,2,0,Understanding Multi-Vehicle Accident Claims: A Personal Injury Attorney’s Insights
https://www.gjel.com/blog/west-sacramento-removes-freeway-neighborhood-blooms,301,https://www.gjel.com/blog,200,1,2,2,0,West Sacramento’s Urban Transformation: How Freeway Removal Led to Neighborhood Growth
https://www.gjel.com/blog/six-common-easter-injuries-and-how-to-avoid-them,301,https://www.gjel.com/blog,200,1,2,2,0,Five Common Easter Injuries and How to Avoid Them
https://www.gjel.com/blog/the-life-saving-benefits-of-wearing-a-seatbelt,301,https://www.gjel.com/blog,200,1,2,2,0,The Life-Saving Benefits of Wearing a Seatbelt
https://www.gjel.com/blog/credit-underinsured-motorist-claims,301,https://www.gjel.com/blog/credit-underinsured-motorist-claims,LOOP,2,2,2,0,Credit Issues in Underinsured Motorist Claims
https://www.gjel.com/blog/tort-claimants-liability-for-decedents-pre-death-medical-expenses,301,https://www.gjel.com/blog,200,1,2,2,0,Tort claimants’ liability for decedent’s pre-death medical expenses
https://www.gjel.com/case-results/pedestrian-hit-by-car-in-crosswalk,301,https://www.gjel.com/blog,200,1,2,2,0,Pedestrian Accident with Serious Injuries | Case Study | GJEL
https://www.gjel.com/car-accidents,301,https://www.gjel.com/car-accident-lawyers,200,1,2,2,0,Car Accidents
https://www.gjel.com/insurance,301,https://www.gjel.com/blog,200,1,2,2,0,Personal Injury Lawsuits Against Insurance Companies
https://www.gjel.com/insurance/hartford-insurance-claim-lawyer,301,https://www.gjel.com/blog,200,1,2,2,0,Hartford Insurance Claims: Hartford Personal Injury Lawyers
https://www.gjel.com/news/teens-and-auto-insurance-quiz,301,https://www.gjel.com/blog,200,1,2,2,0,Teens and Auto Insurance Quiz
https://www.gjel.com/santa-clara-county-wrongful-death-case,301,https://www.gjel.com/blog,200,1,2,2,0,[empty]
https://www.gjel.com/why-choose-us/,301,https://www.gjel.com/why-choose-us,200,1,1,1,1,Why Choose Us?
https://www.gjel.com/testimonials-reviews/,301,https://www.gjel.com/testimonials-reviews,200,1,1,1,1,See more client reviews
https://www.gjel.com/locations/,301,https://www.gjel.com/locations,200,1,1,1,1,View  All Offices
https://www.gjel.com/news/gjel-summer-internship-program,301,https://www.gjel.com/blog,200,1,1,1,0,GJEL Summer Internship Program
https://www.gjel.com/walnut-creek/wrongful-death-attorney,301,https://www.gjel.com/walnut-creek,200,1,1,1,0,Walnut Creek wrongful death attorneys
https://www.gjel.com/news/preventing-car-accidents-tech,301,https://www.gjel.com/blog,200,1,1,1,0,technological solutions for safe driving
https://www.gjel.com/catastrophic-injury-lawyerhttps://www.gjel.com/crush-injury-settlement-calculator,301,https://www.gjel.com/crush-injury-settlement-calculator,200,1,1,1,0,Catastrophic injuries
https://gjel.com/,301,https://www.gjel.com/,200,1,1,1,0,gjel.com
https://www.gjel.com/verdicts/fracture-and-traumatic-brain-injury-settlement-recovery,301,https://www.gjel.com/verdicts/accident-settlement-tbi-pedestrian-case-study,200,1,1,1,1,View Case
https://www.gjel.com/blog/fatal-bicycle-accident-in-sacramento,301,https://www.gjel.com/blog,200,1,1,1,1,63‑year‑old cyclist killed in North Highlands — case context and safety takeaways.
https://www.gjel.com/blog/fatal-bicycle-tractor-collision-county-road-29,301,https://www.gjel.com/blog,200,1,1,1,1,Bicyclist fatally struck by tractor near Davis — rural road risks and claim issues.
https://www.gjel.com/blog/fatal-bicycle-accident-critically-injured-a-kid-cyclist,301,https://www.gjel.com/blog,200,1,1,1,1,Child critically injured in Bakersfield bicycle collision — family resources and claim considerations.
https://www.gjel.com/blog/big-rig-bicycle-collision-in-turlock,301,https://www.gjel.com/blog,200,1,1,1,1,Two cyclists injured in Turlock big‑rig collision — commercial vehicle claims nuances.
https://www.gjel.com/should-i-get-a-lawyer-after-a-car-accident-in-florida,301,https://www.gjel.com/car-accident-lawyers/when-should-you-call-a-lawyer-after-a-car-accident,200,1,1,1,0,experienced car accident attorney
https://www.gjel.com/gjel.com/blog/400k-motorcycle-knee-injury-settlement,301,https://www.gjel.com/archives/400k-motorcycle-knee-injury-settlement,200,1,1,1,1,"$400,000 motorcycle knee injury settlement"
https://www.gjel.com/blog/chevy-bolt-three-wheel-motorcycle-collide-on-i-80-in-fairfield,301,https://www.gjel.com/blog,200,1,1,1,1,Fairfield I‑80 crash involving three‑wheel motorcycle
https://www.gjel.com/blog/sacramento-highway-50-motorcycle-accident-1-dead-4-injured-in-13-motorcycle-crash,301,https://www.gjel.com/blog,200,1,1,1,1,Highway 50 multi‑motorcycle crash in Sacramento
https://www.gjel.com/blog/tragic-off-road-motorcycle-collision-claims-two-lives-in-pixley,301,https://www.gjel.com/blog,200,1,1,1,1,Off‑road motorcycle collision in Pixley
https://www.gjel.com/blog/fatal-motorcycle-collision-in-santa-cruz-mountains-under-chp-investigation,301,https://www.gjel.com/blog,200,1,1,1,1,Fatal motorcycle collision in the Santa Cruz Mountains
https://www.gjel.com/richmond/,301,https://www.gjel.com/richmond,200,1,1,1,0,Richmond Car Accident Attorneys
https://gjel.com/car-accident-lawyers/winning-results,301,https://www.gjel.com/car-accident-lawyers/winning-results,200,1,1,1,0,proven results
https://www.gjel.com/san-francisco/scooter-accidents,301,https://www.gjel.com/antioch/scooter-accidents,200,1,1,1,0,San Francisco scooter accidents
https://www.gjel.com/verdicts/6-225-million-for-family-of-motorcyclist-killed-by-farm-tractor,301,https://www.gjel.com/verdicts/wrongful-death-motorcycle-accident-settlement-6-2-million,200,1,1,1,0,[empty]
https://www.gjel.com/verdicts/westman,301,https://www.gjel.com/verdicts-settlements,200,1,1,1,0,[empty]
https://www.gjel.com/insurance/farmers,301,https://www.gjel.com/oakland,200,1,1,1,0,Farmers Insurance Company
