page,target_keyword,traffic,content_inlinks,all_inlinks,top_content_anchors
https://www.gjel.com/motorcycle-accident-lawyers,california motorcycle accident lawyer,1408,6,2279,"motorcycle accidents (4) | california motorcycle accident lawyers rider fractures to the ankle, wrist, hand, and ribs are common and complex (1) | motorcycle rider (1)"
https://www.gjel.com/blog/top-20-most-popular-fictional-tv-lawyers,tv lawyers,753,2,6,[empty] (1) | top 20 most popular fictional tv lawyers (2025) (1)
https://www.gjel.com/es/wrongful-death-lawyers/wrongful-death-vs-manslaughter-understanding-the-difference,homicidio involuntario,467,0,0,
https://www.gjel.com/average-settlement-lawsuit,wrongful death settlements,429,2,23,average settlement amount (1) | exactly what damages you may receive (1)
https://www.gjel.com/car-accident-lawyers,car accident lawyer close to me,390,29,2491,gjel accident attorneys (6) | car accidents (4) | car accident (3) | vehicle accidents (1) | california car accident lawyers start here if the fracture followed a vehicle crash. (1) | what if you're in a car accident without insurance? (1) | car accident information center (1) | california auto injury attorneys (1)
https://www.gjel.com/es/abogado-de-lesiones-por-desguante/entendiendo-las-causas,degloving,335,1,3,español (1)
https://www.gjel.com/san-jose,motorcycle accident lawyer san jose,300,7,2251,san jose (5) | san jose injury attorney (1) | injury attorneys (1)
https://www.gjel.com/top-causes-car-accidents,1 in 10 fatal accidents are caused by,283,1,270,car accident (1)
https://www.gjel.com/lawyers-cover-airlift-cost,life flight cost,261,0,4,
https://www.gjel.com/recovery-from-a-coma,8 stages of a coma,255,0,2,
https://www.gjel.com/oakland,oakland motorcycle accident lawyer,232,25,2247,"office location (15) | oakland (7) | office (1) | personal injury offices in oakland (1) | office location, (1)"
https://www.gjel.com/wrongful-death-lawyers,wrongful death attorneys california,232,11,2394,wrongful death (3) | wrongful death lawsuit (2) | even death (1) | killed (1) | killed in a bike (1) | wrongful death lawsuits (1) | wrongful death cases (1) | wrongful death claims (1)
https://www.gjel.com/es/wrongful-death-lawyers/wrongful-death-vs-manslaughter-understanding-the-difference/,homicidio culposo,213,0,0,
https://www.gjel.com/hayward,accident lawyer hayward,182,3,35,hayward (2) | personal injury (1)
https://www.gjel.com/richmond,bike accident lawyer richmond ca,148,2,34,richmond (2)
https://www.gjel.com/san-jose/amputation-lawyers,san jose amputation lawyer,18,0,11,
https://www.gjel.com/richmond/truck-accidents,richmond truck accident lawyer,128,2,16,richmond truck accident lawyers (1) | richmond truck accident lawyers experienced team for port and refinery corridor crashes. (1)
https://www.gjel.com/,gjel accident attorneys,124,111,3967,accident attorneys (48) | andrew (andy) r. gillin (48) | gjel accident attorneys (2) | california personal injury lawyers (2) | gjel (2) | serious injury law firm (1) | california accident lawyer (1) | california personal injury (1)
https://www.gjel.com/car-accident-lawyers/winning-results,how much to expect from car accident settlement california,96,12,1172,settlement amount (6) | car accident settlements and verdicts representative outcomes with context around injuries and proof. (1) | many car accident settlements and verdicts (1) | see all car accident verdicts and settlements (1) | accident settlement (1) | $1.75 million (1) | car accident settlements (1)
https://www.gjel.com/motorcycle-accident-lawyers/verdicts-results,motorcycle accident lawsuits,98,7,1122,settlement amount (1) | settlement amount in a motorcycle accident case (1) | settlement amounts page (1) | california motorcycle accident settlement amounts — real outcomes and what influenced them. (1) | more california motorcycle settlement amounts (1) | $6.85 million (1) | motorcycle accident results (1)
https://www.gjel.com/fremont,fremont car accident lawyer,68,3,56,fremont (3)
https://www.gjel.com/oakland/motorcycle-accidents,oakland motorcycle accident attorneys,44,1,16,oakland motorcycle accident attorneys (1)
https://www.gjel.com/wrongful-death-lawyers/how-paid-out,how are wrongful death settlements paid out,12,1,6,"how wrongful death settlements are paid out lump sum vs structured payments, timelines, and practical considerations. (1)"
https://www.gjel.com/truck-accident-lawyers,truck accident lawyers california,9,7,2271,truck accidents (5) | california crush injury lawyers have handled claims involving a wide range of different accidents (1) | truck accident injury attorney (1)
https://www.gjel.com/es/bus-accident-lawyers,abogado de accidente de autobus en los angeles,16,0,0,
https://www.gjel.com/es/bus-accident-lawyers/,licenciado de accidente de autobus,12,0,0,
https://www.gjel.com/bus-accident-lawyers,san francisco bus accident lawyer,17,2,32,bus accident cases (1) | bus accidents (1)
https://www.gjel.com/hayward/wrongful-death-lawyers,hayward wrongful death attorney,23,1,14,hayward wrongful death lawyers (1)
https://www.gjel.com/fremont/wrongful-death,fremont wrongful death attorney,28,1,14,fremont wrongful death lawyers (1)
https://www.gjel.com/stockton/motorcycle-accident-lawyer,motorcycle accident lawyer stockton,18,1,19,stockton motorcycle accident lawyers (1)
https://www.gjel.com/fresno/motorcycle-accident-lawyer,fresno motorcycle accident lawyer,8,1,19,fresno motorcycle accident lawyers (1)
https://www.gjel.com/verdicts-settlements,personal injury settlement amounts examples,9,34,1267,"settlement amount (21) | verdicts and settlements (2) | broken bone injury settlements (1) | construction accident claims (1) | broken neck injury settlements (1) | verdict or settlement (1) | track record of success, with over $1 billion recovered (1) | $11.7 million (1)"
https://www.gjel.com/california-bicycle-accident-lawyers/results,bicycle accident settlement amounts,61,4,1098,california bicycle verdicts and settlement amounts — representative outcomes across the state. (1) | settlement amount (1) | bicycle accidents (1) | bicycle accident results (1)
