sitemap_url,redirects_to,final_url
https://www.gjel.com/blog/10-year-old-boy-dies-in-tragic-pedestrian-accident-in-fresno,https://www.gjel.com/blog,https://www.gjel.com/blog
https://www.gjel.com/blog/100k-pedestrian-accident-settlement-in-san-jose,https://www.gjel.com/blog,https://www.gjel.com/blog
https://www.gjel.com/blog/11m-wrongful-death-case,https://www.gjel.com/blog,https://www.gjel.com/blog
https://www.gjel.com/blog/14-year-old-boy-dies-in-police-chase-rollover-crash,https://www.gjel.com/blog,https://www.gjel.com/blog
https://www.gjel.com/blog/17-year-old-arrested-in-fatal-hit-and-run-crash-in-rohnert-park,https://www.gjel.com/blog,https://www.gjel.com/blog
https://www.gjel.com/blog/195k-bicycle-dooring-settlement-in-san-jose,https://www.gjel.com/blog,https://www.gjel.com/blog
https://www.gjel.com/blog/200k-medical-transport-accident,https://www.gjel.com/blog,https://www.gjel.com/blog
https://www.gjel.com/blog/225k-pedestrian-accident-settlement,https://www.gjel.com/blog,https://www.gjel.com/blog
https://www.gjel.com/blog/7-year-old-boy-suffers-major-injuries-in-el-dorado-county-off-road-motorcycle-crash,https://www.gjel.com/blog,https://www.gjel.com/blog
https://www.gjel.com/blog/94-year-old-man-critically-injured-in-semi-truck-collision,https://www.gjel.com/blog,https://www.gjel.com/blog
https://www.gjel.com/blog/a-rider-injured-in-an-e-bike-accident,https://www.gjel.com/blog,https://www.gjel.com/blog
https://www.gjel.com/blog/a-storefront-crash-into-los-gatos-coffee-shop-on-thanksgiving-evening,https://www.gjel.com/blog,https://www.gjel.com/blog
https://www.gjel.com/blog/antioch-highway-4-truck-accident,https://www.gjel.com/blog,https://www.gjel.com/blog
https://www.gjel.com/blog/auto-insurance-i-need-in-california,https://www.gjel.com/blog,https://www.gjel.com/blog
https://www.gjel.com/blog/bart-excursion-fare-earns-millions-from-passengers,https://www.gjel.com/blog,https://www.gjel.com/blog
https://www.gjel.com/blog/bay-point-pedestrian-accident-on-willow-pass-road,https://www.gjel.com/blog,https://www.gjel.com/blog
https://www.gjel.com/blog/bicycle-accident-112k-settlement-in-brentwood,https://www.gjel.com/blog,https://www.gjel.com/blog
https://www.gjel.com/blog/bicycle-accident-in-boyes-leaves-cyclist-injured,https://www.gjel.com/blog,https://www.gjel.com/blog
https://www.gjel.com/blog/bicyclist-killed-in-vallejo-bicycle-accident,https://www.gjel.com/blog,https://www.gjel.com/blog
https://www.gjel.com/blog/california-national-guard-member-dies-in-rollover-accident,https://www.gjel.com/blog,https://www.gjel.com/blog
https://www.gjel.com/blog/caltrans-accident-250k-settlement,https://www.gjel.com/blog,https://www.gjel.com/blog
https://www.gjel.com/blog/can-you-trust-personal-injury-settlement-calculators,https://www.gjel.com/blog,https://www.gjel.com/blog
https://www.gjel.com/blog/car-accident-settlement-100k,https://www.gjel.com/blog,https://www.gjel.com/blog
https://www.gjel.com/blog/castro-valley-bike-accident-100k-settlement,https://www.gjel.com/blog,https://www.gjel.com/blog
https://www.gjel.com/blog/causes-distracted-driving,https://www.gjel.com/blog,https://www.gjel.com/blog
https://www.gjel.com/blog/clovis-electric-scooter-rider-severely-injured,https://www.gjel.com/blog,https://www.gjel.com/blog
https://www.gjel.com/blog/construction-worker-seriously-injured,https://www.gjel.com/blog,https://www.gjel.com/blog
https://www.gjel.com/blog/davis-motorcycle-accident-lodged-under-semi-truck,https://www.gjel.com/blog,https://www.gjel.com/blog
https://www.gjel.com/blog/deadly-crash-on-interstate-780-claimed-life,https://www.gjel.com/blog,https://www.gjel.com/blog
https://www.gjel.com/blog/deadly-head-on-crash-claims-one-life-and-injuries,https://www.gjel.com/blog,https://www.gjel.com/blog
https://www.gjel.com/blog/deadly-hit-and-run-claims-two-lives,https://www.gjel.com/blog,https://www.gjel.com/blog
https://www.gjel.com/blog/deadly-motorcycle-accident-claims-life,https://www.gjel.com/blog,https://www.gjel.com/blog
https://www.gjel.com/blog/deadly-motorcycle-crash-causes-major-traffic-delays,https://www.gjel.com/blog,https://www.gjel.com/blog
https://www.gjel.com/blog/deadly-motorcycle-crash-in-oakland,https://www.gjel.com/blog,https://www.gjel.com/blog
https://www.gjel.com/blog/diesel-spill-shuts-down-highway-101-lanes,https://www.gjel.com/blog,https://www.gjel.com/blog
https://www.gjel.com/blog/drunk-driver-suspected-in-second-collision-killed-disabled-motorist,https://www.gjel.com/blog,https://www.gjel.com/blog
https://www.gjel.com/blog/early-morning-traffic-collision-prompts-emergency-response,https://www.gjel.com/blog,https://www.gjel.com/blog
https://www.gjel.com/blog/family-dog-dies-person-injured-in-valley-springs-single-car-accident,https://www.gjel.com/blog,https://www.gjel.com/blog
https://www.gjel.com/blog/fatal-bicycle-accident-claims-life-of-60-year-old,https://www.gjel.com/blog,https://www.gjel.com/blog
https://www.gjel.com/blog/fatal-bicycle-accident-linda-yuba-county,https://www.gjel.com/blog,https://www.gjel.com/blog
https://www.gjel.com/blog/fatal-chain-reaction-crash-hit-and-run-dui,https://www.gjel.com/blog,https://www.gjel.com/blog
https://www.gjel.com/blog/fatal-collision-in-san-jose-legal-options,https://www.gjel.com/blog,https://www.gjel.com/blog
https://www.gjel.com/blog/fatal-crash-claims-life-of-man-in-rear-end-collision,https://www.gjel.com/blog,https://www.gjel.com/blog
https://www.gjel.com/blog/fatal-crash-claims-one-life-injures-another,https://www.gjel.com/blog,https://www.gjel.com/blog
https://www.gjel.com/blog/fatal-crash-in-santa-clara-county-wrongful-death,https://www.gjel.com/blog,https://www.gjel.com/blog
https://www.gjel.com/blog/fatal-crash-leaves-one-dead-multiple-injured,https://www.gjel.com/blog,https://www.gjel.com/blog
https://www.gjel.com/blog/fatal-dui-crash-claims-one-life-injures-two-others,https://www.gjel.com/blog,https://www.gjel.com/blog
https://www.gjel.com/blog/fatal-dui-wrong-way-crash-claims-life,https://www.gjel.com/blog,https://www.gjel.com/blog
https://www.gjel.com/blog/fatal-early-morning-crash-claims-life-of-fresno-woman,https://www.gjel.com/blog,https://www.gjel.com/blog
https://www.gjel.com/blog/fatal-head-on-big-rig-collision-closes-highway,https://www.gjel.com/blog,https://www.gjel.com/blog
https://www.gjel.com/blog/fatal-head-on-collision-claims-one-life,https://www.gjel.com/blog,https://www.gjel.com/blog
https://www.gjel.com/blog/fatal-head-on-collision-claims-womans-life,https://www.gjel.com/blog,https://www.gjel.com/blog
https://www.gjel.com/blog/fatal-head-on-collision-in-napa-county,https://www.gjel.com/blog,https://www.gjel.com/blog
https://www.gjel.com/blog/fatal-head-on-collision-leaves-one-dead-five-injured,https://www.gjel.com/blog,https://www.gjel.com/blog
https://www.gjel.com/blog/fatal-head-on-collision-on-highway-101,https://www.gjel.com/blog,https://www.gjel.com/blog
https://www.gjel.com/blog/fatal-head-on-crash-closes-highway,https://www.gjel.com/blog,https://www.gjel.com/blog
https://www.gjel.com/blog/fatal-high-speed-crash-in-la-riviera-claims-one-life-injures-two-others,https://www.gjel.com/blog,https://www.gjel.com/blog
https://www.gjel.com/blog/fatal-hit-and-run-bicycle-accident,https://www.gjel.com/blog,https://www.gjel.com/blog
https://www.gjel.com/blog/fatal-hit-and-run-in-san-jose-pedestrian-killed,https://www.gjel.com/blog,https://www.gjel.com/blog
https://www.gjel.com/blog/fatal-i-580-early-morning-collision-near-richmond-san-rafael-bridge-what-oakland-drivers-need-to-know,https://www.gjel.com/blog,https://www.gjel.com/blog
https://www.gjel.com/blog/fatal-motorcycle-accident-claims-life,https://www.gjel.com/blog,https://www.gjel.com/blog
https://www.gjel.com/blog/fatal-motorcycle-accident-claims-riders-life,https://www.gjel.com/blog,https://www.gjel.com/blog
https://www.gjel.com/blog/fatal-motorcycle-accident-closes-interstate-80,https://www.gjel.com/blog,https://www.gjel.com/blog
https://www.gjel.com/blog/fatal-motorcycle-crash-in-rohnert-park,https://www.gjel.com/blog,https://www.gjel.com/blog
https://www.gjel.com/blog/fatal-pedestrian-accident-claims-life-of-34-year-old-man,https://www.gjel.com/blog,https://www.gjel.com/blog
https://www.gjel.com/blog/fatal-pedestrian-accident-claims-life-of-55-year-old-man,https://www.gjel.com/blog,https://www.gjel.com/blog
https://www.gjel.com/blog/fatal-pedestrian-accident-in-downtown-san-rafael,https://www.gjel.com/blog,https://www.gjel.com/blog
https://www.gjel.com/blog/fatal-pedestrian-accident-in-hickman-claims-life,https://www.gjel.com/blog,https://www.gjel.com/blog
https://www.gjel.com/blog/fatal-pedestrian-accident-in-sacramento-3,https://www.gjel.com/blog,https://www.gjel.com/blog
https://www.gjel.com/blog/fatal-pedestrian-accident-in-san-jose,https://www.gjel.com/blog,https://www.gjel.com/blog
https://www.gjel.com/blog/fatal-pedestrian-accident-leaves-one-dead,https://www.gjel.com/blog,https://www.gjel.com/blog
https://www.gjel.com/blog/fatal-pedestrian-accident-leaves-victim-injured,https://www.gjel.com/blog,https://www.gjel.com/blog
https://www.gjel.com/blog/fatal-pedestrian-accident-near-sacramento,https://www.gjel.com/blog,https://www.gjel.com/blog
https://www.gjel.com/blog/fatal-pedestrian-accident-on-ocean-avenue,https://www.gjel.com/blog,https://www.gjel.com/blog
https://www.gjel.com/blog/fatal-single-vehicle-accident-in-fresno-county,https://www.gjel.com/blog,https://www.gjel.com/blog
https://www.gjel.com/blog/fatal-single-vehicle-crash-claims-two-lives-in-shasta-county,https://www.gjel.com/blog,https://www.gjel.com/blog
https://www.gjel.com/blog/fatal-three-vehicle-collision-claims-two-lives,https://www.gjel.com/blog,https://www.gjel.com/blog
https://www.gjel.com/blog/fatal-three-vehicle-collision-medical-emergencies,https://www.gjel.com/blog,https://www.gjel.com/blog
https://www.gjel.com/blog/fatal-traffic-collision-in-alturas-auction-yard-claims-lives,https://www.gjel.com/blog,https://www.gjel.com/blog
https://www.gjel.com/blog/fatal-train-accident-in-west-berkeley-claims-life-of-man-in-his-30s,https://www.gjel.com/blog,https://www.gjel.com/blog
https://www.gjel.com/blog/fatal-two-vehicle-accident-in-woodland-claims-life,https://www.gjel.com/blog,https://www.gjel.com/blog
https://www.gjel.com/blog/fatal-two-vehicle-collision-accident-claims-life-in-citrus-heights,https://www.gjel.com/blog,https://www.gjel.com/blog
https://www.gjel.com/blog/fatal-van-crash-at-wharf-claims-drivers-life,https://www.gjel.com/blog,https://www.gjel.com/blog
https://www.gjel.com/blog/first-pedestrian-fatality-of-2025-north-san-jose-collision-claims-life-of-man-outside-crosswalk,https://www.gjel.com/blog,https://www.gjel.com/blog
https://www.gjel.com/blog/five-injured-in-manteca-three-vehicle-collision-involving-motorcycle,https://www.gjel.com/blog,https://www.gjel.com/blog
https://www.gjel.com/blog/four-injured-in-two-vehicle-crash-on-highway-29,https://www.gjel.com/blog,https://www.gjel.com/blog
https://www.gjel.com/blog/freeway-crash-stalls-traffic-in-sacramento,https://www.gjel.com/blog,https://www.gjel.com/blog
https://www.gjel.com/blog/fresno-construction-excavator-workplace-accident,https://www.gjel.com/blog,https://www.gjel.com/blog
https://www.gjel.com/blog/fresno-traffic-multi-vehicle-crash-involving-electric-scooter-rider,https://www.gjel.com/blog,https://www.gjel.com/blog
https://www.gjel.com/blog/granite-bay-man-killed-in-head-on-crash,https://www.gjel.com/blog,https://www.gjel.com/blog
https://www.gjel.com/blog/head-on-collision-leaves-two-with-major-injuries,https://www.gjel.com/blog,https://www.gjel.com/blog
https://www.gjel.com/blog/head-on-collision-leaves-victims-with-major-injuries,https://www.gjel.com/blog,https://www.gjel.com/blog
https://www.gjel.com/blog/head-on-collision-one-trapped-multiple-injured,https://www.gjel.com/blog,https://www.gjel.com/blog
https://www.gjel.com/blog/head-on-crash-in-north-fork-claims-life,https://www.gjel.com/blog,https://www.gjel.com/blog
https://www.gjel.com/blog/highway-50-fatal-truck-accident-driver-dies-after-crash,https://www.gjel.com/blog,https://www.gjel.com/blog
https://www.gjel.com/blog/hit-and-run-accident-injures-driver,https://www.gjel.com/blog,https://www.gjel.com/blog
https://www.gjel.com/blog/hit-and-run-crash-injures-driver-at-fresno-county-intersection,https://www.gjel.com/blog,https://www.gjel.com/blog
https://www.gjel.com/blog/how-to-get-an-accident-report-in-san-jose,https://www.gjel.com/blog,https://www.gjel.com/blog
https://www.gjel.com/blog/injuries-reported-after-traffic-accident-in-fremont,https://www.gjel.com/blog,https://www.gjel.com/blog
https://www.gjel.com/blog/livermore-traffic-accident-with-injuries,https://www.gjel.com/blog,https://www.gjel.com/blog
https://www.gjel.com/blog/luke-ellis-americas-top-100-personal-injury-attorney,https://www.gjel.com/blog,https://www.gjel.com/blog
https://www.gjel.com/blog/luke-ellis-named-to-motor-vehicle-trial-lawyers-association-top-25-recognition-among-nations-elite-trial-attorneys,https://www.gjel.com/blog,https://www.gjel.com/blog
https://www.gjel.com/blog/major-big-rig-accidents-causes-traffic-delays,https://www.gjel.com/blog,https://www.gjel.com/blog
https://www.gjel.com/blog/major-multi-vehicle-crash-closes-northbound-highway-99-in-modesto,https://www.gjel.com/blog,https://www.gjel.com/blog
https://www.gjel.com/blog/man-dead-in-a-garbage-truck-collision,https://www.gjel.com/blog,https://www.gjel.com/blog
https://www.gjel.com/blog/man-injured-in-multi-vehicle-and-motorcycle-collision,https://www.gjel.com/blog,https://www.gjel.com/blog
https://www.gjel.com/blog/medical-malpractice-and-michael-jacksons-death,https://www.gjel.com/blog,https://www.gjel.com/blog
https://www.gjel.com/blog/minor-injuries-after-suv-strikes-in-a-pedestrian-accident,https://www.gjel.com/blog,https://www.gjel.com/blog
https://www.gjel.com/blog/motorcycle-accident-1-35m-settlement,https://www.gjel.com/blog,https://www.gjel.com/blog
https://www.gjel.com/blog/motorcycle-accident-830k-settlement,https://www.gjel.com/blog,https://www.gjel.com/blog
https://www.gjel.com/blog/motorcycle-accident-in-butte-county,https://www.gjel.com/blog,https://www.gjel.com/blog
https://www.gjel.com/blog/motorcycle-accident-leaves-rider-with-injuries,https://www.gjel.com/blog,https://www.gjel.com/blog
https://www.gjel.com/blog/motorcycle-accident-settlement-250k-in-dublin,https://www.gjel.com/blog,https://www.gjel.com/blog
https://www.gjel.com/blog/motorcycle-accident-tbi-settlement-425k-in-san-francisco,https://www.gjel.com/blog,https://www.gjel.com/blog
https://www.gjel.com/blog/motorcycle-crash-leaves-rider-seriously-hurt,https://www.gjel.com/blog,https://www.gjel.com/blog
https://www.gjel.com/blog/motorcyclist-major-injuries-in-morgan-hill-motorcycle-accident,https://www.gjel.com/blog,https://www.gjel.com/blog
https://www.gjel.com/blog/multi-vehicle-accident-leaves-one-injured,https://www.gjel.com/blog,https://www.gjel.com/blog
https://www.gjel.com/blog/multi-vehicle-bridge-accident-shuts-down-sr-160,https://www.gjel.com/blog,https://www.gjel.com/blog
https://www.gjel.com/blog/multi-vehicle-collision-causes-major-traffic,https://www.gjel.com/blog,https://www.gjel.com/blog
https://www.gjel.com/blog/multi-vehicle-collision-in-sacramento,https://www.gjel.com/blog,https://www.gjel.com/blog
https://www.gjel.com/blog/multi-vehicle-collision-legal-considerations,https://www.gjel.com/blog,https://www.gjel.com/blog
https://www.gjel.com/blog/multi-vehicle-collision-on-bay-bridge-accident-leaves-eight-injured-one-critical,https://www.gjel.com/blog,https://www.gjel.com/blog
https://www.gjel.com/blog/multi-vehicle-crash-leaves-one-seriously-injured,https://www.gjel.com/blog,https://www.gjel.com/blog
https://www.gjel.com/blog/multiple-car-accident-settlement,https://www.gjel.com/blog,https://www.gjel.com/blog
https://www.gjel.com/blog/multiple-injuries-reported-in-fiery-multi-vehicle-crash,https://www.gjel.com/blog,https://www.gjel.com/blog
https://www.gjel.com/blog/multiple-injuries-reported-in-multi-vehicle-crash-on-interstate-80-in-fairfield,https://www.gjel.com/blog,https://www.gjel.com/blog
https://www.gjel.com/blog/oakland-bicyclist-wrongful-death-settlement,https://www.gjel.com/blog,https://www.gjel.com/blog
https://www.gjel.com/blog/oakland-car-accident-300k-settlement,https://www.gjel.com/blog,https://www.gjel.com/blog
https://www.gjel.com/blog/oakland-chinatown-two-vehicle-crash,https://www.gjel.com/blog,https://www.gjel.com/blog
https://www.gjel.com/blog/parents-dead-2-kids-injured-in-highway-50-tree-crash,https://www.gjel.com/blog,https://www.gjel.com/blog
https://www.gjel.com/blog/passenger-injured-after-utility-pole-crash-in-chico,https://www.gjel.com/blog,https://www.gjel.com/blog
https://www.gjel.com/blog/pedestrian-accident-critical-crosswalk-safety,https://www.gjel.com/blog,https://www.gjel.com/blog
https://www.gjel.com/blog/pedestrian-accident-hospitalizes-man,https://www.gjel.com/blog,https://www.gjel.com/blog
https://www.gjel.com/blog/pedestrian-accident-settlement-475k-in-oakland,https://www.gjel.com/blog,https://www.gjel.com/blog
https://www.gjel.com/blog/pedestrian-accident-suspected-drug-impaired-driver,https://www.gjel.com/blog,https://www.gjel.com/blog
https://www.gjel.com/blog/pedestrian-fatally-struck-on-interstate-880,https://www.gjel.com/blog,https://www.gjel.com/blog
https://www.gjel.com/blog/pedestrian-killed-in-oakland-eighth-street,https://www.gjel.com/blog,https://www.gjel.com/blog
https://www.gjel.com/blog/pedestrian-killed-in-suspected-dui-crash,https://www.gjel.com/blog,https://www.gjel.com/blog
https://www.gjel.com/blog/pedestrian-major-injuries-in-dui-related-crash,https://www.gjel.com/blog,https://www.gjel.com/blog
https://www.gjel.com/blog/pedestrian-suffers-traumatic-injuries-after-pickup-truck-collision,https://www.gjel.com/blog,https://www.gjel.com/blog
https://www.gjel.com/blog/people-injured-after-a-vehicle-into-building-accident,https://www.gjel.com/blog,https://www.gjel.com/blog
https://www.gjel.com/blog/person-airlifted-after-severe-head-on-collision,https://www.gjel.com/blog,https://www.gjel.com/blog
https://www.gjel.com/blog/person-killed-in-fatal-pedestrian-accident,https://www.gjel.com/blog,https://www.gjel.com/blog
https://www.gjel.com/blog/pregnant-car-accident-settlement,https://www.gjel.com/blog,https://www.gjel.com/blog
https://www.gjel.com/blog/pregnant-woman-injured-in-two-vehicle-crash,https://www.gjel.com/blog,https://www.gjel.com/blog
https://www.gjel.com/blog/rancho-cordova-car-accident-sends-victim-to-hospital-on-coloma-road,https://www.gjel.com/blog,https://www.gjel.com/blog
https://www.gjel.com/blog/rear-end-collision-in-san-jose,https://www.gjel.com/blog,https://www.gjel.com/blog
https://www.gjel.com/blog/sacramento-sideshow-accident-bystander-injured,https://www.gjel.com/blog,https://www.gjel.com/blog
https://www.gjel.com/blog/sacramento-truck-accident-420k-settlement,https://www.gjel.com/blog,https://www.gjel.com/blog
https://www.gjel.com/blog/sacramento-woman-killed-in-a-semi-truck-collision,https://www.gjel.com/blog,https://www.gjel.com/blog
https://www.gjel.com/blog/san-jose-car-accident-statistics,https://www.gjel.com/blog,https://www.gjel.com/blog
https://www.gjel.com/blog/san-jose-drunk-driving-crash-severe-injuries,https://www.gjel.com/blog,https://www.gjel.com/blog
https://www.gjel.com/blog/san-jose-i-280-off-ramp-collision-raises-questions-about-intersection-safety,https://www.gjel.com/blog,https://www.gjel.com/blog
https://www.gjel.com/blog/sausalito-car-accident-injures-multiple-people,https://www.gjel.com/blog,https://www.gjel.com/blog
https://www.gjel.com/blog/school-bus-accident-carrying-students-with-disabilities,https://www.gjel.com/blog,https://www.gjel.com/blog
https://www.gjel.com/blog/seven-hospitalized-after-major-two-vehicle-collision,https://www.gjel.com/blog,https://www.gjel.com/blog
https://www.gjel.com/blog/severe-car-crash-results-in-250000-settlement,https://www.gjel.com/blog,https://www.gjel.com/blog
https://www.gjel.com/blog/should-bay-area-carpool-lanes-be-enforced-247,https://www.gjel.com/blog,https://www.gjel.com/blog
https://www.gjel.com/blog/simpsons-lawsuits-list-lionel-hutz,https://www.gjel.com/blog,https://www.gjel.com/blog
https://www.gjel.com/blog/single-vehicle-accident-center-divider-collisions,https://www.gjel.com/blog,https://www.gjel.com/blog
https://www.gjel.com/blog/single-vehicle-accident-early-morning-drive,https://www.gjel.com/blog,https://www.gjel.com/blog
https://www.gjel.com/blog/single-vehicle-crash-leaves-one-dead-two-injured,https://www.gjel.com/blog,https://www.gjel.com/blog
https://www.gjel.com/blog/single-vehicle-rollover-accident-on-skyway-in-magalia-leaves-one-injured,https://www.gjel.com/blog,https://www.gjel.com/blog
https://www.gjel.com/blog/six-common-easter-injuries-and-how-to-avoid-them,https://www.gjel.com/blog,https://www.gjel.com/blog
https://www.gjel.com/blog/stockton-motorcycle-accident-100k-settlement,https://www.gjel.com/blog,https://www.gjel.com/blog
https://www.gjel.com/blog/tanker-truck-crash-closes-prompts-emergency,https://www.gjel.com/blog,https://www.gjel.com/blog
https://www.gjel.com/blog/the-complexities-of-multi-vehicle-accidents-a-personal-injury-attorneys-perspective,https://www.gjel.com/blog,https://www.gjel.com/blog
https://www.gjel.com/blog/the-complicated-story-behind-widening-highway-1-in-santa-cruz-html,https://www.gjel.com/blog,https://www.gjel.com/blog
https://www.gjel.com/blog/the-life-saving-benefits-of-wearing-a-seatbelt,https://www.gjel.com/blog,https://www.gjel.com/blog
https://www.gjel.com/blog/the-most-dangerous-intersections-in-san-jose-california,https://www.gjel.com/blog,https://www.gjel.com/blog
https://www.gjel.com/blog/three-lives-lost-in-suspected-dui-crash,https://www.gjel.com/blog,https://www.gjel.com/blog
https://www.gjel.com/blog/three-vehicle-collision-major-injuries,https://www.gjel.com/blog,https://www.gjel.com/blog
https://www.gjel.com/blog/three-vehicle-crash-leaves-community-shaken,https://www.gjel.com/blog,https://www.gjel.com/blog
https://www.gjel.com/blog/three-vehicle-crash-on-state-route-25-near-hollister-leaves-multiple-injured,https://www.gjel.com/blog,https://www.gjel.com/blog
https://www.gjel.com/blog/tort-claimants-liability-for-decedents-pre-death-medical-expenses,https://www.gjel.com/blog,https://www.gjel.com/blog
https://www.gjel.com/blog/traffic-collision-causes-injuries-and-lane-closures,https://www.gjel.com/blog,https://www.gjel.com/blog
https://www.gjel.com/blog/traffic-collision-injures-motorist-in-pleasanton,https://www.gjel.com/blog,https://www.gjel.com/blog
https://www.gjel.com/blog/traffic-collision-leaves-san-francisco-resident-injured,https://www.gjel.com/blog,https://www.gjel.com/blog
https://www.gjel.com/blog/traffic-disrupted-after-two-car-collision,https://www.gjel.com/blog,https://www.gjel.com/blog
https://www.gjel.com/blog/tragic-pedestrian-accident-in-fresno,https://www.gjel.com/blog,https://www.gjel.com/blog
https://www.gjel.com/blog/tragic-pedestrian-accident-safety-concerns,https://www.gjel.com/blog,https://www.gjel.com/blog
https://www.gjel.com/blog/tragic-two-vehicle-collision-in-san-jose-claims-life-of-solo-male-driver,https://www.gjel.com/blog,https://www.gjel.com/blog
https://www.gjel.com/blog/truck-accident-two-injured-after-200-foot-plunge,https://www.gjel.com/blog,https://www.gjel.com/blog
https://www.gjel.com/blog/two-car-collision-in-fresno-serious-accident,https://www.gjel.com/blog,https://www.gjel.com/blog
https://www.gjel.com/blog/two-dead-after-fatal-multi-vehicle-crash,https://www.gjel.com/blog,https://www.gjel.com/blog
https://www.gjel.com/blog/two-dead-including-child-in-multi-vehicle-crash,https://www.gjel.com/blog,https://www.gjel.com/blog
https://www.gjel.com/blog/two-injured-in-a-crane-truck-traffic-accident,https://www.gjel.com/blog,https://www.gjel.com/blog
https://www.gjel.com/blog/two-killed-in-wrong-way-collision-on-highway-101,https://www.gjel.com/blog,https://www.gjel.com/blog
https://www.gjel.com/blog/two-vehicle-accident-in-hayward-multiple-injured,https://www.gjel.com/blog,https://www.gjel.com/blog
https://www.gjel.com/blog/two-vehicle-collision-in-fremont-leaves-two-with-minor-injuries,https://www.gjel.com/blog,https://www.gjel.com/blog
https://www.gjel.com/blog/two-vehicle-collision-leaves-driver-injured,https://www.gjel.com/blog,https://www.gjel.com/blog
https://www.gjel.com/blog/two-vehicle-crash-leaves-community-shaken,https://www.gjel.com/blog,https://www.gjel.com/blog
https://www.gjel.com/blog/two-vehicle-crash-on-westbound-sr-4-near-harbor-street-injures-driver-in-pittsburg,https://www.gjel.com/blog,https://www.gjel.com/blog
https://www.gjel.com/blog/vehicle-crash-in-sacramento-building-collision,https://www.gjel.com/blog,https://www.gjel.com/blog
https://www.gjel.com/blog/veteran-flight-nurse-and-crew-critically-injured-after-medical-helicopter-crash,https://www.gjel.com/blog,https://www.gjel.com/blog
https://www.gjel.com/blog/walnut-creek-accident-injury-crash,https://www.gjel.com/blog,https://www.gjel.com/blog
https://www.gjel.com/blog/watt-avenue-pedestrian-struck-by-suv-on-sidewalk,https://www.gjel.com/blog,https://www.gjel.com/blog
https://www.gjel.com/blog/west-sacramento-removes-freeway-neighborhood-blooms,https://www.gjel.com/blog,https://www.gjel.com/blog
https://www.gjel.com/blog/what-is-a-protected-intersection,https://www.gjel.com/blog,https://www.gjel.com/blog
https://www.gjel.com/blog/what-to-do-if-you-cause-a-car-accident-a-comprehensive-guide,https://www.gjel.com/blog,https://www.gjel.com/blog
https://www.gjel.com/blog/woman-injured-in-pedestrian-accident,https://www.gjel.com/blog,https://www.gjel.com/blog
https://www.gjel.com/blog/wrong-way-driving-in-contra-costa-caused-injury,https://www.gjel.com/blog,https://www.gjel.com/blog
https://www.gjel.com/blog/yolo-county-dump-truck-accident-claims-one-life,https://www.gjel.com/blog,https://www.gjel.com/blog
https://www.gjel.com/blog/yuba-county-rv-crash-accident,https://www.gjel.com/blog,https://www.gjel.com/blog
https://www.gjel.com/california-personal-injury-law-firm,https://www.gjel.com/personal-injury-attorneys,https://www.gjel.com/personal-injury-attorneys
https://www.gjel.com/can-medicare-take-entire-recovery,https://www.gjel.com/berkeley/wrongful-death-attorneys,https://www.gjel.com/berkeley/wrongful-death-attorneys
https://www.gjel.com/car-accident-lawyers/accident-dont-have-insurance,https://www.gjel.com/car-accident-lawyers,https://www.gjel.com/car-accident-lawyers
https://www.gjel.com/car-accident-lawyers/how-much-will-my-personal-injury-lawyer-charge-in-an-auto-accident,https://www.gjel.com/contingency-fee,https://www.gjel.com/contingency-fee
https://www.gjel.com/car-accidents,https://www.gjel.com/car-accident-lawyers,https://www.gjel.com/car-accident-lawyers
https://www.gjel.com/case-results/pedestrian-hit-by-car-in-crosswalk,https://www.gjel.com/blog,https://www.gjel.com/blog
https://www.gjel.com/headlines/gjel-news-center-consumer-library-we-welcome-your-input,https://www.gjel.com/blog,https://www.gjel.com/blog
https://www.gjel.com/headlines/traffic-congestion-crossing-richmond-san-rafael-bridge,https://www.gjel.com/blog,https://www.gjel.com/blog
https://www.gjel.com/insurance,https://www.gjel.com/blog,https://www.gjel.com/blog
https://www.gjel.com/insurance/aaa-csaa,https://www.gjel.com/blog,https://www.gjel.com/blog
https://www.gjel.com/insurance/geico,https://www.gjel.com/blog,https://www.gjel.com/blog
https://www.gjel.com/insurance/hartford-insurance-claim-lawyer,https://www.gjel.com/blog,https://www.gjel.com/blog
https://www.gjel.com/insurance/lawsuits,https://www.gjel.com/blog,https://www.gjel.com/blog
https://www.gjel.com/insurance/state-farm,https://www.gjel.com/blog,https://www.gjel.com/blog
https://www.gjel.com/mock-trial-scholarship,https://www.gjel.com/mocktrial,https://www.gjel.com/mocktrial
https://www.gjel.com/mocktrial/california-mock-trial-qa-with-luke-ellis,https://www.gjel.com/blog,https://www.gjel.com/blog
https://www.gjel.com/mocktrial/defense-checklist,https://www.gjel.com/blog,https://www.gjel.com/blog
https://www.gjel.com/mocktrial/prosecution-checklist,https://www.gjel.com/blog,https://www.gjel.com/blog
https://www.gjel.com/news/how-do-i-afford-to-pay-my-air-ambulance-bill,https://www.gjel.com/blog,https://www.gjel.com/blog
https://www.gjel.com/news/insurance-fraud-complaints,https://www.gjel.com/blog,https://www.gjel.com/blog
https://www.gjel.com/news/social-media-tips-for-personal-injury-plaintiffs,https://www.gjel.com/blog,https://www.gjel.com/blog
https://www.gjel.com/news/teens-and-auto-insurance-quiz,https://www.gjel.com/blog,https://www.gjel.com/blog
https://www.gjel.com/news/understanding-california-civil-code-%c2%a7-1714-cc-liability-for-intentional-or-careless-actions,https://www.gjel.com/news/understanding-california-civil-code-1714-cc-liability-for-intentional-or-careless-actions,https://www.gjel.com/news/understanding-california-civil-code-1714-cc-liability-for-intentional-or-careless-actions
https://www.gjel.com/news/what-does-litigation-mean-in-a-personal-injury-case,https://www.gjel.com/blog,https://www.gjel.com/blog
https://www.gjel.com/oakland/car-accident,https://www.gjel.com/oakland,https://www.gjel.com/oakland
https://www.gjel.com/san-francisco-2,https://www.gjel.com/san-francisco,https://www.gjel.com/san-francisco
https://www.gjel.com/san-francisco/rear-end-accidents,https://www.gjel.com/car-accident-lawyers/rear-end-car-accidents,https://www.gjel.com/car-accident-lawyers/rear-end-car-accidents
https://www.gjel.com/san-jose/car-accident,https://www.gjel.com/san-jose,https://www.gjel.com/san-jose
https://www.gjel.com/san-jose/car-accident/fatal-car-accidents,https://www.gjel.com/san-jose,https://www.gjel.com/san-jose
https://www.gjel.com/sexual-assault-on-college-campuses,https://www.gjel.com/sexual-assault-on-college-campuses,https://www.gjel.com/sexual-assault-on-college-campuses
https://www.gjel.com/slip-fall-lawyers,https://www.gjel.com/practice,https://www.gjel.com/practice
https://www.gjel.com/slip-fall-lawyers/store-injury,https://www.gjel.com/practice,https://www.gjel.com/practice
https://www.gjel.com/spinal-cord-injury-attorney,https://www.gjel.com/verdicts/traumatic-brain-injury-and-spinal-cord-injury-settlement,https://www.gjel.com/verdicts/traumatic-brain-injury-and-spinal-cord-injury-settlement
https://www.gjel.com/stockton/stockton-car-accident-attorneys,https://www.gjel.com/stockton,https://www.gjel.com/stockton
